class,prediction0,prediction1
0, 2.207419, -2.8799324
0, 2.4796972, -2.9105597
0, 2.6971757, -2.2131248
0, 2.3453946, -2.7203526
1, 2.0678892, -3.5060902
0, 2.0985084, -2.5983663
1, 2.4697185, -2.666628
0, 2.2135897, -3.259984
0, 2.2760062, -2.53148
1, 3.2386312, -1.5815045
0, 2.2568736, -2.5700204
0, 2.3919332, -3.2982187
0, 2.2080722, -2.9674065
0, 2.6064818, -3.0483525
0, 2.8699193, -2.206364
0, 3.7310324, -1.9686632
0, 2.7250834, -2.94246
0, 2.3498418, -2.0181503
1, 2.193961, -1.814694
0, 2.1797962, -2.8657744
0, 1.8657483, -2.4020495
0, 2.421364, -2.8995113
0, 2.6823502, -2.0383415
0, 3.5273595, -2.887644
1, 2.4250689, -2.5340588
0, 2.8557184, -2.472694
0, 1.3611305, -2.7882202
0, 2.4294307, -2.892265
0, 1.342582, -3.2978375
0, 2.2088559, -2.6849523
0, 1.7769694, -2.4506395
0, 1.9443963, -2.9598553
0, 2.5300784, -3.4586558
0, 1.6599593, -3.4415417
0, 2.397327, -2.718645
0, 2.201592, -2.3444517
0, 2.338744, -3.0149057
0, 2.1372175, -2.2992747
0, 3.1989431, -2.8376966
0, 3.0989332, -1.9124997
0, 1.7938137, -2.785569
0, 3.5312462, -2.1576583
0, 2.0646644, -3.076316
0, 2.6667557, -2.4016042
0, 2.5060935, -2.3645046
0, 2.7020283, -2.787997
0, 1.8767784, -3.0443437
0, 3.352922, -1.6595465
0, 1.5141065, -2.917043
1, 2.6610065, -2.5220225
0, 2.2057467, -2.5083942
0, 2.446662, -2.7846622
0, 1.996248, -3.034371
0, 3.3131156, -1.25239
0, 1.7421647, -3.5032585
0, 2.5985718, -3.1601832
0, 2.382689, -2.9007125
0, 2.9767606, -3.0088549
0, 2.3665214, -2.2334962
0, 1.2897441, -2.8262708
0, 2.279569, -2.6589117
0, 2.7105117, -1.9593506
0, 2.4789176, -2.4987054
0, 2.1122065, -2.9290862
0, 2.0002544, -2.564242
0, 3.6267567, -3.1103675
0, 1.7632611, -2.341216
0, 2.3178716, -2.4985092
1, 3.371883, -1.657712
0, 2.713819, -2.3288035
0, 3.0094275, -2.8244402
0, 2.4660513, -2.8355212
0, 2.261495, -2.9354236
0, 2.3701606, -2.0887146
0, 2.782933, -2.642675
0, 2.597148, -2.1821837
0, 2.867734, -2.559698
0, 2.080758, -2.8517816
0, 3.1696286, -2.101681
0, 2.3984382, -2.449656
0, 2.9973264, -2.5983038
0, 3.0507326, -2.202591
0, 2.7068899, -2.7658494
0, 2.59609, -3.0252976
0, 1.7498145, -2.5974226
0, 2.0855348, -3.197421
0, 2.1503773, -2.9677076
1, 3.3808405, -0.61532736
0, 2.0942967, -1.9120446
0, 3.240345, -2.8072145
0, 3.1560838, -1.9514935
0, 2.14203, -2.7664056
0, 3.7332215, -2.2351282
0, 2.3680668, -3.24152
0, 2.345647, -2.8755517
0, 2.2842786, -2.3301299
0, 2.3759325, -3.2467918
0, 2.9183993, -2.926624
0, 2.3942168, -3.4968753
0, 4.193692, -1.5982
1, 2.8870819, -1.7907999
0, 2.180469, -2.147917
0, 2.653306, -2.5212772
0, 2.3211386, -2.612799
0, 2.545279, -2.3530223
0, 1.9790109, -2.8639998
0, 3.305294, -1.3863688
0, 2.2004063, -3.171849
0, 2.58152, -2.49197
1, 1.9866529, -2.4321337
0, 3.5842285, -2.3166065
0, 3.8213015, -2.490674
0, 2.6187696, -3.3396077
0, 2.029663, -2.2899616
0, 2.2404027, -2.821121
0, 2.6655498, -2.887174
0, 3.1190522, -2.5130098
0, 2.673931, -2.492983
0, 2.2606986, -2.827084
0, 2.5695462, -3.063026
0, 3.0077753, -2.1278548
0, 3.25106, -1.4717889
0, 1.7997804, -2.7700577
0, 2.2396274, -3.4261656
1, 2.5312371, -2.5437667
0, 2.1579723, -2.6985898
1, 1.9970379, -1.6194041
0, 1.9137433, -3.4712846
0, 1.9440292, -2.8799613
0, 2.4457679, -2.7461343
0, 2.533836, -2.4587343
0, 2.2160683, -2.755857
1, 2.13063, -2.7529821
0, 2.347103, -3.228176
0, 2.6410449, -2.8021502
0, 2.0696578, -2.8818626
0, 2.9434147, -2.3567836
0, 2.565768, -2.1977286
0, 2.4183395, -2.8354638
0, 2.0602288, -2.4219503
0, 3.6298418, -2.3086598
0, 2.306925, -2.5889482
0, 1.9155316, -3.3625681
0, 3.5819378, -1.8044502
0, 3.2718313, -1.5350057
0, 3.4564242, -2.0162568
1, 2.9338908, -1.3843361
0, 2.2946372, -3.2387786
0, 2.226121, -3.2107613
0, 2.8658292, -3.2080958
0, 2.4683042, -3.8258488
0, 1.9069085, -2.7848547
0, 3.5047758, -2.5580366
0, 3.4846818, -2.6685424
0, 1.6310818, -2.6447976
0, 2.448113, -2.629965
0, 2.8562865, -2.1830125
0, 2.1146512, -3.1481013
1, 2.5213857, -2.533317
0, 3.18958, -3.132942
0, 2.381863, -2.3619902
1, 3.3263307, -1.5451239
0, 2.4950795, -2.6957216
0, 2.5991354, -3.2075362
0, 2.2516701, -2.7012217
0, 1.9855345, -3.0251865
0, 3.6490822, -2.4081345
0, 2.5567536, -2.3444982
0, 2.2841702, -2.7019632
0, 1.4928823, -3.634512
0, 1.2284907, -2.8891423
0, 1.9158616, -2.3137956
0, 2.3795288, -2.7096796
0, 3.3614972, -2.4835305
0, 3.7059972, -2.1000261
0, 3.0020888, -2.3007941
0, 2.4643435, -2.2184389
0, 1.7283232, -3.1926618
0, 2.315122, -2.8886516
0, 1.8321732, -3.5440927
0, 3.5871534, -2.1248317
0, 2.265008, -3.1251802
1, 2.3815851, -1.8556329
0, 1.7558773, -3.3925884
0, 1.9450464, -3.0883174
0, 2.259456, -2.4995356
0, 1.9406705, -3.0386555
0, 2.2953262, -2.594844
0, 2.555819, -2.4090166
0, 2.2770524, -2.5106053
0, 2.9581614, -2.3961108
0, 2.3494132, -2.7270105
0, 2.1843858, -2.498374
0, 2.074943, -3.1801732
0, 2.4650555, -3.0592027
0, 2.6386578, -2.774057
0, 2.3909361, -2.86764
0, 2.3380365, -2.6124432
0, 2.0053945, -2.701733
1, 2.5865152, -2.3837895
0, 2.3373609, -2.7426796
0, 3.1461246, -2.2279663
0, 2.534507, -2.2410893
0, 2.231162, -2.7863355
0, 1.9136887, -3.086164
0, 2.1673388, -2.7783544
0, 1.8156478, -3.24457
0, 2.6955538, -1.8873
0, 2.8875418, -2.186998
0, 2.8463511, -1.6759715
0, 2.795279, -2.115411
0, 2.1898365, -2.8663812
0, 2.3035536, -2.149853
0, 2.5118713, -1.8919232
0, 2.1985598, -2.694333
0, 2.304462, -2.7738874
0, 1.9366511, -2.9256
0, 1.5449313, -3.1387591
0, 2.8617039, -3.1826189
0, 2.3044567, -2.7027128
0, 2.859578, -2.7627301
0, 4.213439, -1.9844445
0, 1.8655992, -3.6381402
0, 1.9618306, -2.9498055
0, 3.2115722, -2.9716854
0, 2.5267365, -2.430788
1, 2.1936214, -2.7917736
0, 2.6421094, -2.5950842
0, 2.4004192, -2.5608103
0, 2.452689, -3.09565
0, 2.4312227, -2.8509138
0, 3.4511125, -2.1993423
0, 1.9141759, -2.9019513
0, 2.4588485, -3.3462188
0, 2.1444387, -2.316194
0, 2.5332985, -2.2076936
0, 2.3515668, -3.2789764
0, 2.4837317, -3.4533386
0, 1.916225, -2.6515179
0, 2.2807784, -2.8283277
0, 2.7873888, -2.7175386
0, 1.7344844, -3.2567751
0, 2.3271356, -2.9263918
0, 3.5939555, -2.3077347
0, 3.6116977, -2.4684453
0, 2.4578114, -2.6122956
0, 2.141527, -3.2449217
0, 3.458222, -2.3226485
0, 3.3158045, -3.1064785
0, 2.084283, -2.6183472
0, 2.3194168, -2.9859035
0, 2.6629767, -2.727683
0, 2.5230474, -2.4415467
0, 1.9305555, -3.4605217
0, 2.3637896, -2.4963613
1, 1.8039734, -3.030748
0, 2.0765796, -2.1404057
0, 2.7771132, -2.3898895
0, 1.7289224, -3.8573046
0, 3.215229, -2.592503
0, 3.1436763, -2.1363993
0, 2.0737422, -2.3798969
0, 2.2787476, -2.6149986
0, 2.3638144, -3.0891235
0, 2.4131327, -2.9174364
0, 2.2132502, -3.561898
0, 1.9828283, -2.1322134
0, 2.7644877, -2.8424442
1, 2.304543, -2.5337973
0, 2.2089677, -2.3211331
0, 1.8921623, -2.8526802
0, 1.8524556, -3.698815
0, 2.4276903, -2.4762805
0, 3.0505738, -2.2850037
0, 3.04907, -2.4146557
0, 2.4569924, -3.4183476
0, 2.7567325, -2.9029965
0, 2.1832566, -2.9815836
0, 3.2672958, -1.7182467
0, 2.6268606, -2.1070888
0, 3.4922156, -2.4662738
0, 2.3437243, -3.3643193
0, 3.557525, -2.3462093
0, 2.7997692, -3.4364061
0, 2.6113544, -2.6706786
0, 2.2512152, -3.406504
0, 2.1237714, -2.6553073
0, 2.535181, -1.9763973
0, 2.3501563, -2.9098444
0, 2.552921, -2.8799353
0, 2.163836, -3.230361
0, 2.2881436, -3.0315561
1, 2.6811109, -2.0437303
0, 2.6972735, -2.509272
1, 1.8297368, -2.643128
0, 2.703567, -3.2218242
0, 1.6746593, -3.5942366
0, 2.7319398, -2.639034
0, 3.0571246, -2.3100271
0, 2.3207357, -2.5424685
0, 1.9059443, -2.4787025
1, 2.282063, -1.873627
0, 1.7131925, -2.4121783
0, 2.4096565, -2.5322607
0, 2.2737489, -3.4934335
0, 2.83676, -2.4120011
0, 2.2401054, -3.225881
0, 1.9666914, -2.8914208
0, 2.3610024, -2.545289
1, 2.2436302, -2.4025772
0, 3.470731, -2.3575068
0, 1.9622622, -4.008512
0, 2.226466, -3.0393417
0, 2.2487986, -2.917854
1, 2.3645787, -2.84025
0, 4.0882998, -2.0052264
0, 2.0259013, -2.8022492
0, 3.153271, -2.3775172
0, 2.4290907, -2.7209523
1, 3.4919114, -1.3850278
0, 2.0287101, -3.3309543
0, 1.020042, -2.6983476
0, 2.2199132, -2.5645225
0, 2.5680146, -2.3703692
0, 3.875384, -1.1684716
1, 3.33777, -3.1385913
0, 2.2746234, -2.721744
0, 2.7571592, -2.370485
0, 1.8867764, -3.0549178
0, 1.916655, -2.667033
0, 2.3456268, -3.7620776
0, 2.8694167, -2.366574
0, 1.6157635, -1.4334607
0, 2.66605, -3.1418426
0, 2.5535383, -2.7276099
0, 2.1368606, -3.0303361
0, 2.9682193, -2.7030783
0, 2.2205102, -2.8380797
0, 1.7823498, -2.875518
0, 2.6032805, -2.4308288
0, 2.1547728, -2.5038583
0, 2.4924383, -3.523524
0, 2.6690981, -2.7776859
0, 2.0680404, -3.0873983
0, 2.272096, -2.7965753
0, 2.7447968, -2.5742104
1, 2.5293417, -2.140585
0, 3.0222921, -2.038436
0, 2.2093654, -2.699951
0, 2.93338, -3.2828572
0, 3.7948067, -2.366946
0, 1.8474369, -3.1529746
1, 2.763185, -1.8653167
0, 2.8556354, -2.5470665
1, 2.0140393, -3.3655488
0, 2.2060022, -2.3426914
0, 3.1878326, -2.304287
0, 1.628444, -2.3482275
0, 2.9515786, -2.0192175
1, 2.582111, -3.052768
0, 3.2591033, -1.5680826
0, 2.85352, -2.379514
0, 1.961312, -2.573493
0, 1.8110596, -3.012241
0, 3.3565412, -1.8527625
0, 2.8505082, -1.8817295
0, 3.092854, -2.489161
0, 2.717974, -2.2844753
0, 1.631891, -3.0726566
0, 2.1058097, -2.2905333
0, 2.1568213, -3.0487194
0, 1.4293238, -3.1189635
1, 3.163643, -2.5459745
0, 2.7806215, -2.1822774
0, 2.9184742, -1.6393554
0, 2.24958, -2.4240746
0, 2.2176666, -2.9265807
0, 3.7995577, -1.9555091
0, 2.6421366, -2.969391
0, 2.4738936, -2.4788601
0, 2.1380763, -3.2891405
0, 1.9763591, -3.1339245
0, 2.173009, -2.7202432
0, 2.6272354, -2.8091621
1, 3.2688098, -2.4317288
0, 2.3835711, -2.9885526
0, 2.9020104, -2.569751
0, 3.5674622, -2.732537
0, 2.4209335, -2.6494784
0, 1.9448493, -3.6282082
0, 1.5866966, -3.359276
0, 3.8201454, -2.7070441
0, 1.5232434, -3.0003107
0, 3.483909, -2.3339887
0, 2.9903455, -2.4492855
0, 1.891842, -2.8826492
0, 2.202014, -2.7296286
0, 1.7409146, -3.5193727
0, 3.0208094, -1.9288237
0, 3.5133815, -2.377891
0, 3.3574636, -2.3996427
0, 2.0009093, -2.9884028
0, 2.4109476, -3.1964817
0, 2.427546, -2.7927003
1, 3.3115344, -2.3262956
0, 2.5443878, -2.626718
0, 2.675228, -3.0831892
0, 2.3264806, -1.5527538
0, 2.241846, -3.0538101
0, 2.2598748, -3.165153
0, 3.1556735, -2.1211078
0, 2.445121, -2.242401
1, 2.87153, -1.7201154
0, 1.96446, -3.166904
0, 2.2683816, -2.8619132
0, 2.4870834, -2.9817936
0, 2.4973683, -2.9352326
0, 2.5023625, -2.6597586
0, 2.5294235, -2.273029
0, 3.0842519, -1.862818
0, 2.3324313, -1.9896339
0, 2.172224, -3.4058957
0, 2.3270614, -2.9400234
0, 2.4618087, -2.9439018
0, 1.776162, -2.3162367
0, 1.304334, -3.5850909
0, 1.882895, -3.2837765
0, 3.409377, -1.723159
0, 2.1629114, -3.2071342
1, 4.16087, -1.7537605
0, 2.5045643, -2.5174022
0, 3.310128, -2.5779753
0, 2.397731, -2.7806382
0, 2.4684591, -2.4644442
0, 3.0653927, -2.1702876
0, 2.4465525, -3.1878273
0, 2.9088013, -2.6612732
0, 2.1611369, -2.0621374
0, 1.9987264, -2.4518242
0, 2.3902159, -2.647161
1, 3.2004669, -2.1520536
0, 2.6668577, -2.0982003
1, 2.6759775, -1.7459376
1, 2.3151712, -3.1958716
0, 2.4280462, -2.098979
0, 2.2193327, -3.09368
0, 4.2378798, -1.8782074
0, 1.9454497, -2.510628
0, 2.5756736, -3.1932752
0, 1.8498163, -2.0094697
0, 2.3142693, -3.3244202
1, 1.9791956, -2.9021916
0, 2.2154233, -3.3650563
0, 0.630908, -3.0224094
0, 2.6668673, -2.2006755
0, 3.0657735, -2.5888593
0, 1.546679, -2.1854424
0, 2.537491, -1.9575092
0, 2.0545433, -2.8064237
0, 2.2072613, -2.66848
1, 1.8764771, -1.5006577
0, 3.1552851, -2.0217793
0, 2.4165545, -2.2349286
1, 1.8946693, -2.9464302
0, 2.1816964, -3.4748492
0, 2.0082698, -2.808688
0, 2.091151, -3.2376118
0, 2.4650168, -2.4631286
0, 1.7007738, -3.280709
0, 2.833103, -2.1226807
0, 2.3245187, -2.7208383
0, 1.9250493, -3.0886705
0, 1.5880206, -4.053507
1, 1.7418654, -3.1043062
0, 1.9143958, -3.5202174
0, 2.6030128, -2.425885
0, 1.784879, -2.5939846
0, 3.1895812, -1.3192343
0, 2.357884, -2.7616255
0, 2.2451167, -2.3263237
0, 2.4735842, -2.54369
0, 2.638721, -3.3313973
0, 1.8261085, -2.7732036
1, 2.2159004, -3.1084516
1, 2.1181996, -3.05329
0, 2.53454, -3.16582
0, 1.9371848, -3.0821626
1, 2.5327597, -2.6403282
0, 2.4561915, -2.9985032
0, 1.9981773, -2.4509518
0, 3.0276713, -2.3555522
0, 2.2972264, -2.5173855
0, 2.2722828, -2.8156595
0, 2.3402238, -3.2540488
0, 2.178613, -3.4978929
1, 2.8890624, -0.7293321
0, 4.117543, -2.554784
0, 3.6560264, -1.7872638
0, 3.4601438, -2.1518135
0, 2.4802923, -2.6823237
0, 2.2136912, -2.830464
0, 2.4644957, -2.9678488
0, 1.2904291, -3.4563527
0, 1.6659727, -2.2129576
0, 2.3704133, -1.9973732
0, 2.0709867, -2.7048745
0, 1.5066986, -2.678966
0, 2.5032048, -2.991399
1, 4.028019, -1.8869286
0, 3.286543, -2.7311335
0, 2.1621296, -3.0730836
1, 3.6954012, -2.3965402
0, 3.918016, -1.9846289
0, 2.0610147, -2.5838237
0, 2.1294656, -2.3151822
0, 3.0143614, -2.5615969
0, 2.7942421, -2.7919464
0, 2.4532585, -3.4783578
0, 2.1547039, -2.9773312
0, 2.1620047, -2.5538118
0, 3.3734174, -2.4210043
0, 1.5898361, -4.3184423
0, 2.3909361, -2.3189952
0, 1.2819617, -2.5426266
0, 3.9542167, -2.3038833
0, 3.0519664, -2.16014
0, 2.0963736, -2.655229
0, 2.6068282, -2.5281107
0, 1.6349602, -3.0505629
0, 1.833417, -3.1031153
0, 2.3500624, -2.5492887
0, 1.783625, -2.9597487
0, 2.1035583, -3.5869017
1, 2.7652588, -2.6904883
1, 2.3626611, -3.0845194
1, 3.128141, -1.8707851
0, 1.596454, -3.5730677
1, 2.2756898, -2.5871546
0, 2.0846043, -3.009191
0, 2.1923268, -2.4945982
0, 2.4631183, -2.731797
0, 1.98261, -3.1061306
0, 2.234181, -2.666213
0, 2.4507606, -2.523135
0, 3.6575983, -2.6541212
0, 3.0976698, -3.1079702
0, 2.3336802, -3.4152713
0, 2.1486402, -2.7239094
0, 2.1927276, -2.936659
0, 2.6937711, -2.5545342
0, 2.041491, -2.9295716
0, 2.4840593, -2.9933739
0, 2.3723533, -2.5481224
1, 2.4585207, -2.6347444
0, 2.4073682, -3.0317013
0, 1.925514, -2.397152
0, 2.1158316, -2.5761106
0, 2.1472037, -3.4175942
0, 1.3581764, -4.0312395
0, 2.157555, -3.6024473
0, 1.9698186, -2.772229
0, 3.3838494, -2.3599708
0, 1.9156771, -2.9851623
0, 3.9348223, -1.3209939
0, 2.628297, -1.9600233
0, 2.3499045, -2.622809
0, 3.005767, -2.6638265
0, 2.385382, -2.898156
0, 2.543463, -2.3566008
1, 2.6636286, -2.675946
0, 2.8544405, -1.3938516
0, 2.6973345, -2.711472
0, 1.9634202, -2.7201812
0, 2.9034724, -1.4533368
0, 2.3633642, -2.6282804
0, 3.1155293, -2.6200333
0, 3.1712282, -2.610669
0, 3.3172126, -2.0203595
0, 2.4927573, -2.6092439
1, 3.0846057, -2.3710918
0, 2.3527403, -2.6463702
0, 2.1938093, -3.1943655
0, 2.814578, -2.7867217
0, 3.4512792, -2.718132
0, 2.781989, -2.6635613
0, 1.7861257, -2.5850914
0, 2.2946134, -2.3657017
0, 2.140339, -2.8490696
0, 2.2609248, -2.806716
0, 1.7144613, -3.5044985
0, 3.389181, -1.4640167
0, 2.6937933, -2.197138
0, 2.3352723, -2.8116508
0, 2.25797, -2.6762996
0, 3.0789642, -1.7829757
0, 2.4198244, -2.844012
0, 2.3846452, -3.3221774
0, 2.813149, -2.9985583
0, 2.6141272, -2.4063606
0, 2.3507915, -2.2299912
0, 3.055983, -2.6977615
0, 2.231374, -3.2166388
0, 4.048108, -2.3129022
0, 2.25522, -2.7669296
0, 1.7250805, -3.016028
0, 3.1405396, -1.9172843
0, 1.9268446, -2.5999837
0, 3.085989, -2.2391636
0, 2.3970423, -2.6675448
1, 1.8970845, -2.7663834
0, 2.0928397, -2.7405791
0, 1.899309, -2.8729513
0, 2.4505498, -2.54995
0, 1.7147973, -3.1031773
0, 2.0562825, -2.9689367
1, 1.6206784, -2.7284243
0, 2.4035983, -3.0364008
0, 2.0487509, -3.2380114
0, 2.8428922, -3.2959206
1, 3.1975396, -2.3133788
0, 3.896449, -2.35669
0, 2.6135523, -2.815358
0, 3.3960643, -1.9168473
0, 1.8381447, -3.1292353
0, 2.386806, -2.0947623
0, 3.54018, -2.7528212
0, 2.9969845, -2.6136193
0, 2.9424973, -2.0583653
0, 1.5992324, -2.9565678
0, 2.0359719, -1.9847246
0, 2.0225897, -3.3655217
0, 2.5383525, -2.8820717
0, 2.0704377, -2.266852
0, 2.9601834, -3.0484242
1, 3.3552942, -1.3411996
0, 2.094558, -2.3921347
0, 1.790926, -3.4894884
0, 2.261927, -1.7821565
0, 3.5090885, -2.4730866
0, 2.3549476, -1.8554404
0, 2.3635027, -2.8675117
0, 2.1345036, -3.3563805
1, 2.471233, -2.5850992
1, 3.0886135, -2.3597865
0, 2.5270698, -2.700573
0, 1.6594449, -2.6619148
0, 2.2566197, -3.0673683
0, 3.7855163, -1.6866554
0, 2.3320618, -3.0776725
0, 2.3954477, -3.0003114
0, 2.184609, -3.2100353
0, 2.2861326, -2.881912
0, 2.7987702, -2.6325126
0, 3.8935652, -2.1648996
0, 2.774013, -2.1654928
0, 2.3581088, -3.0166159
1, 2.8543859, -2.2577593
0, 3.696806, -1.4680668
0, 2.3851888, -3.7656229
0, 2.864163, -2.908674
0, 2.570736, -1.8326532
0, 2.4530096, -2.740683
0, 2.823442, -2.0734334
1, 2.4494762, -1.7468698
0, 2.5761714, -2.5700862
0, 2.7185967, -2.5409982
0, 2.2941191, -2.20478
0, 1.737282, -2.8796055
0, 2.0460541, -3.0550795
0, 2.9436276, -2.6604
0, 4.0078344, -1.8828925
1, 3.2329242, -1.5497348
0, 2.9350355, -2.4227984
0, 1.572811, -1.8308731
0, 2.450651, -1.9996333
0, 2.0614722, -3.0287266
0, 3.5913453, -1.5306938
0, 2.337283, -3.1026444
0, 2.2766886, -2.305616
0, 2.9766984, -2.278394
0, 1.915708, -3.0147593
0, 3.2716773, -2.3856397
0, 2.266585, -2.8567164
0, 2.9780092, -2.0302958
0, 2.474429, -2.8471
0, 3.5914733, -1.4894762
0, 2.3616612, -3.629286
0, 2.3422666, -1.9232141
0, 1.8884686, -2.1744308
0, 2.3374991, -2.8753846
0, 2.2169065, -2.2090156
0, 2.2444513, -2.6481667
0, 2.133982, -2.980289
1, 2.1176138, -2.8679256
0, 2.088944, -2.7159734
1, 3.166566, -1.7108194
1, 2.19987, -1.9725721
0, 2.5648248, -2.3106177
0, 2.742342, -2.6129067
0, 2.3768778, -2.9552534
0, 1.9855447, -2.4256792
0, 2.0278668, -2.4861286
0, 2.9678307, -1.526178
0, 1.8729867, -2.6006145
0, 3.0681672, -1.7871186
0, 3.945455, -1.739051
0, 2.862865, -2.5866187
0, 3.3950763, -1.6937785
0, 2.2310033, -3.028438
0, 2.3358712, -2.7278879
0, 2.7624516, -2.6991208
0, 2.908895, -2.1139166
1, 2.9229088, -1.4084256
0, 1.9563103, -3.4703124
0, 3.2364626, -3.0579903
0, 2.1936138, -3.0480585
0, 3.3641334, -2.8308914
0, 2.4758415, -2.4828517
0, 3.0124893, -2.0002768
0, 2.446952, -2.231406
0, 2.5033913, -2.478884
0, 3.579178, -2.7927012
0, 2.4204566, -2.3466065
0, 2.6641965, -2.5637462
0, 3.2434735, -2.6552052
0, 2.0742414, -3.1618414
0, 3.4384243, -2.7182643
0, 4.0758343, -1.8238987
1, 2.4482017, -3.1709142
0, 2.1445856, -3.0387795
0, 1.7045197, -3.3956256
1, 3.355517, -2.6379485
0, 2.6591654, -2.9204905
0, 1.9233351, -2.3852527
1, 4.045989, -2.5236914
1, 3.1428275, -2.7030935
0, 2.5080922, -2.5814965
0, 2.8548837, -2.7344556
0, 2.0919504, -3.0289314
0, 2.640208, -2.3829813
0, 3.1120212, -1.85077
1, 1.6159977, -2.881089
0, 2.4870188, -2.7450328
0, 2.5039444, -2.7596655
0, 2.9406745, -1.090352
0, 2.2333307, -2.8111196
0, 1.7268486, -3.1166582
0, 2.2524128, -2.7292094
0, 4.3636646, -1.695981
0, 2.294169, -3.1206298
0, 2.362733, -3.1849701
0, 2.4637113, -2.4610445
0, 1.9965289, -2.8003333
0, 2.5087037, -2.536517
0, 1.8673561, -2.6773915
0, 1.9711257, -2.613535
0, 2.0255458, -3.5474677
0, 1.4457572, -3.3856535
0, 2.5887694, -2.8347433
0, 1.9463573, -3.08872
0, 2.6280704, -2.4174573
1, 2.346942, -2.977542
0, 2.5185528, -2.8726864
0, 2.7179232, -2.8990226
0, 1.7040563, -3.1568365
0, 1.8762467, -3.3748124
0, 1.9855111, -2.7644598
1, 2.130928, -2.8483348
0, 2.8894336, -2.2895937
0, 2.3002064, -3.2697308
0, 3.7044332, -2.5282362
0, 1.841681, -3.631196
0, 2.6709063, -2.446234
0, 2.4509838, -2.5970967
0, 2.8423703, -2.2280564
0, 2.7364292, -2.6995425
0, 2.626424, -2.3020134
0, 1.1756219, -3.3989758
0, 2.841487, -2.5243192
0, 2.5605147, -3.0050669
0, 1.8914263, -3.2468076
0, 2.408181, -3.1133442
1, 3.077733, -2.3299446
0, 3.128276, -2.4035656
1, 3.0367005, -0.93372566
0, 1.9920617, -2.6512685
0, 1.8722557, -3.4118676
0, 2.7906468, -2.5585165
0, 3.5673094, -1.4182845
0, 3.2151265, -2.4879506
0, 2.0115533, -3.2761087
0, 3.4719815, -1.9208028
1, 2.285496, -3.088635
0, 1.8616015, -3.420775
0, 2.2496595, -3.094751
0, 2.3547184, -2.943907
0, 3.0115874, -3.4814422
0, 1.9064023, -3.059324
0, 2.5440955, -2.44469
0, 2.478821, -2.9801695
0, 1.3809261, -2.48406
0, 2.7375455, -2.833969
0, 1.9301319, -2.8640406
0, 3.7162848, -3.2147486
0, 2.8443, -2.7296522
0, 2.2544658, -3.1476371
0, 3.8616884, -1.4737601
0, 2.387896, -3.0507903
0, 2.4489007, -2.7018766
0, 2.9710295, -2.963728
0, 2.997654, -2.4484863
0, 2.5206673, -2.4797082
0, 2.0786476, -2.060915
0, 2.5686574, -2.6498287
0, 2.2266626, -3.1228344
0, 3.357541, -1.4261754
0, 2.4888358, -2.4525435
0, 2.4326801, -2.2022116
0, 2.2926047, -2.2824364
0, 2.5090556, -3.087094
0, 1.9352543, -2.8351376
0, 2.7345943, -3.247366
0, 2.665814, -3.1966534
0, 2.944922, -2.251706
0, 2.1651502, -2.4810119
0, 2.389611, -3.1232655
0, 1.3662972, -3.6215014
0, 1.9154569, -2.8377392
0, 3.823262, -2.156027
1, 2.3576725, -2.5276287
0, 2.5846915, -2.3971279
1, 1.9787581, -3.6182153
0, 1.5077324, -2.6340895
0, 2.2525232, -2.947637
0, 2.6575418, -2.6647296
0, 4.5773654, -2.5546925
1, 3.1123867, -1.4119251
1, 2.9134228, -2.4314017
0, 3.0613794, -1.4405657
0, 2.4692876, -3.5391707
0, 3.2262342, -2.7086387
0, 2.1933599, -2.9049952
0, 1.8842765, -2.5846486
0, 4.46101, -1.2626383
0, 2.188783, -2.647478
1, 2.2905962, -1.9326823
0, 1.9329672, -3.3663392
0, 4.011201, -2.2704782
1, 1.7971814, -2.79065
0, 2.9921255, -2.2590885
0, 2.3415065, -2.8998702
0, 2.15065, -2.698516
0, 2.3663454, -1.6150329
0, 2.5332093, -2.6141205
0, 3.5510008, -1.5338502
0, 1.8822911, -3.0066998
0, 3.0794063, -2.490928
0, 2.0228057, -2.7295892
0, 2.0458329, -3.0085895
1, 2.8194938, -2.632455
0, 2.6568396, -3.0713508
0, 4.125972, -1.058708
0, 3.4751925, -1.9116082
0, 3.498714, -1.8758923
0, 2.1643977, -1.9491653
0, 1.9446999, -2.8079422
0, 3.0685668, -2.045246
0, 3.109906, -2.6439965
1, 3.1123917, -1.1864928
0, 3.097834, -2.8928258
0, 2.3167303, -2.5282567
0, 2.2579727, -2.6849377
0, 3.5769873, -2.2854943
0, 2.4005973, -2.6656446
0, 3.6816485, -1.640226
0, 2.7534714, -2.0312319
0, 2.1766496, -4.118101
0, 2.9758706, -2.4085693
0, 1.7475073, -3.1342587
0, 2.0970924, -2.8848488
1, 3.2217155, -1.0839744
0, 2.410906, -3.2727683
0, 2.8406014, -2.4649992
0, 2.244383, -2.8719487
0, 3.6138854, -2.5427363
0, 2.258444, -2.585033
0, 4.009658, -1.0913188
0, 2.1768875, -2.0481784
0, 1.821832, -2.667174
0, 2.6808455, -2.613211
0, 2.5561152, -3.135643
0, 2.6669471, -2.1849618
0, 3.3759804, -2.0786886
0, 2.656783, -2.418261
0, 3.2541714, -0.9041843
0, 1.5491507, -3.2462854
0, 2.606899, -3.0510323
0, 2.8764458, -2.7491999
0, 2.2538357, -2.2949967
0, 3.3515756, -1.4182668
0, 3.1152432, -2.877142
0, 1.4880923, -3.1425176
1, 1.989612, -3.1377573
1, 2.1588206, -2.6402671
0, 2.3201694, -3.1547158
0, 1.8955767, -3.659858
0, 2.6616569, -2.7082047
0, 2.1229825, -2.9899042
0, 2.8101544, -2.5676177
0, 1.8811669, -3.0025108
0, 3.2405584, -2.0959127
0, 2.7366347, -3.076769
0, 1.5564122, -3.1830864
0, 2.7036343, -3.1126778
0, 1.799491, -2.842222
0, 2.9572437, -3.1759906
0, 3.602892, -2.202104
0, 2.3124008, -2.6039195
0, 1.5493234, -3.112766
0, 2.6234014, -3.1122499
0, 2.6397886, -2.4208431
0, 1.7935623, -3.1648457
0, 2.0504096, -3.1981983
0, 1.5252876, -3.1983452
0, 2.701005, -2.293267
0, 2.4759564, -2.385754
0, 2.2440176, -2.8351543
0, 2.1994812, -3.220654
0, 2.184648, -2.972332
0, 1.759351, -3.2017355
0, 2.3937306, -2.9306448
0, 3.0082731, -2.4751332
0, 3.7280846, -1.1934934
0, 2.5613203, -2.293235
0, 2.5833075, -3.424237
0, 1.5050387, -2.900295
0, 3.1938689, -1.2743045
0, 2.9436245, -2.4103284
0, 2.3094046, -2.9996376
0, 2.908715, -2.8264341
0, 2.270569, -3.0034688
0, 2.8437765, -3.4031537
0, 1.5062168, -3.4079654
0, 1.9884992, -2.6117938
0, 2.5653129, -3.071711
0, 2.2567236, -2.177127
0, 2.253262, -2.7061024
0, 3.2973328, -2.345607
0, 1.8831103, -3.1413794
0, 2.9167757, -2.3816812
0, 2.4620569, -2.5267017
0, 2.4382865, -3.0992155
0, 3.564838, -1.9253122
0, 2.326468, -2.268927
0, 1.7293024, -3.248333
0, 2.2771318, -2.7436595
0, 1.5960724, -3.6151984
0, 1.9203329, -3.682004
0, 2.9273505, -2.4508197
0, 2.6861193, -2.582547
0, 2.6373582, -2.895558
1, 3.3728123, -1.321514
1, 2.0235662, -3.4807255
1, 2.1441846, -1.6835313
0, 2.2434142, -2.0994434
0, 2.0688555, -2.9997165
0, 2.5439122, -2.675875
0, 3.0526662, -1.5390685
0, 2.8917718, -2.590829
0, 2.4102955, -2.4548874
0, 2.3214197, -2.5676603
0, 2.7116938, -2.2709749
0, 3.3515794, -2.8281434
0, 1.8186126, -1.9680395
0, 2.1863995, -3.264498
0, 2.6611629, -2.2258592
0, 1.8903177, -1.7234026
0, 3.1154528, -1.8336147
0, 1.8903365, -2.9882793
0, 1.8223826, -3.0237975
1, 3.000053, -1.236018
0, 2.4227726, -3.1801395
0, 3.00043, -2.027227
0, 2.058578, -2.8677561
0, 1.9955568, -2.900679
0, 2.303733, -3.5636072
0, 2.7232208, -2.931271
0, 2.618949, -2.344945
0, 2.5994916, -2.7928627
1, 2.3357897, -2.6297235
0, 2.0826547, -2.7588387
0, 1.5020154, -3.5604935
0, 2.2898898, -2.219801
0, 1.9645636, -2.3583791
0, 2.0868914, -2.4274814
0, 1.7693026, -2.5848086
0, 2.939449, -2.7413838
0, 2.9446301, -2.2077463
0, 3.473734, -2.3213603
0, 2.7827837, -2.3599715
0, 2.1881356, -2.384306
0, 3.8924963, -3.0596743
0, 2.5761504, -3.0842597
0, 3.434967, -2.3542292
0, 2.3701482, -2.9319108
1, 3.197713, -3.0515535
0, 3.007256, -2.9424083
0, 1.6390858, -2.8572495
0, 2.4166777, -2.6268406
0, 2.2121792, -2.7975395
0, 3.4893637, -2.8899312
1, 2.217311, -3.3411279
0, 2.7691374, -3.262148
0, 2.6346583, -2.6762328
0, 2.1863055, -2.8687487
0, 2.8339872, -2.8033607
0, 3.6881773, -2.2201557
0, 2.9396331, -1.6674331
0, 2.3109531, -2.8057804
0, 3.297101, -2.4502344
0, 4.08721, -1.3298265
0, 2.5874953, -2.2840571
1, 2.424425, -2.9725406
0, 1.8866866, -3.144268
1, 1.9819626, -2.65043
0, 2.6806366, -2.374693
0, 2.0682814, -2.8648057
0, 2.7483294, -2.389559
0, 4.3440237, -2.0732098
0, 2.5637574, -2.8341017
0, 2.4247637, -2.8920753
0, 2.1165047, -2.3826408
0, 2.522707, -2.8208401
0, 3.0139182, -2.9366543
0, 2.74893, -2.2865448
0, 2.2788234, -2.2066855
0, 2.4681654, -2.4084127
0, 1.7680093, -3.3909252
0, 1.6947656, -3.4136846
0, 2.1456876, -2.9392135
0, 2.5432389, -3.3224046
0, 3.6573827, -2.0796478
1, 2.3042264, -2.9778204
0, 2.3179595, -2.7992868
0, 2.526031, -3.239808
0, 2.7414422, -2.8068511
0, 4.0411263, -2.0522819
1, 2.0532706, -2.3912168
0, 3.7205634, -1.700994
0, 2.2830637, -1.5544285
0, 2.3193915, -2.0720608
0, 4.091547, -1.9363725
0, 2.4341311, -3.0710623
0, 2.7197244, -2.98306
1, 2.8080094, -2.6053965
1, 2.6285558, -2.4290528
0, 2.2824807, -3.39805
0, 1.8072236, -3.759061
0, 1.4410028, -2.8692195
0, 2.5525057, -2.7336106
0, 2.6084156, -2.9651566
0, 3.1630027, -1.7496191
0, 1.6992795, -3.1555302
0, 2.005563, -3.0978723
0, 2.065369, -2.2266653
0, 1.5388641, -3.6780205
0, 2.2013693, -2.71067
0, 2.1237302, -2.5388074
0, 2.857458, -3.0923269
0, 1.9913119, -2.0502245
0, 2.730831, -2.197909
0, 2.7809255, -1.9855545
0, 2.554605, -2.8900914
0, 3.4653592, -2.338887
0, 3.0840657, -1.4895892
0, 2.6783185, -2.8577626
0, 3.1332395, -2.20811
1, 1.678118, -3.5578294
0, 3.6942973, -2.6681166
0, 2.3751786, -3.1962707
0, 3.698145, -2.2963169
0, 3.681723, -2.530605
1, 2.5986435, -2.0681841
0, 2.4593627, -2.8329563
0, 1.9840165, -2.9055288
0, 2.8791442, -2.1934812
0, 1.9541037, -2.762815
1, 2.3438835, -2.9524875
0, 2.627431, -2.123121
1, 2.336422, -2.0744596
0, 2.6588717, -2.875002
0, 3.9780316, -2.3415487
0, 1.3979981, -3.342771
0, 3.7568307, -1.8814563
0, 2.7795372, -2.9276655
0, 2.525535, -2.8160586
0, 2.8403552, -2.4308534
0, 2.393931, -2.5159538
0, 3.3826613, -2.7057114
0, 2.4047294, -2.3999307
0, 1.7368805, -3.3974195
0, 2.3785696, -3.09467
0, 2.334577, -2.8825817
1, 3.011683, -2.7183206
0, 2.7898588, -2.4925697
0, 2.6173692, -2.8279834
0, 2.3095803, -2.451455
0, 1.7411296, -3.755302
0, 2.6158097, -2.5713153
0, 2.4219673, -2.7282329
0, 2.6423001, -1.8616706
0, 2.675094, -2.7243237
0, 1.9085944, -2.8423362
0, 2.3917341, -3.2480328
0, 1.6234295, -3.352324
0, 2.8430407, -2.1252158
0, 2.954965, -2.039887
0, 2.0696368, -2.7715647
1, 2.0930572, -2.6966994
0, 2.5820098, -2.999248
0, 3.8157113, -2.1230369
0, 2.5989678, -2.4177828
0, 2.67056, -2.349326
0, 2.6287365, -3.7941275
0, 2.1490831, -3.21019
0, 3.2807055, -2.0184655
0, 2.8364153, -2.2449841
0, 2.3165479, -2.512722
0, 2.037313, -2.9757495
0, 2.7426152, -2.7654603
0, 2.6883452, -2.0387785
0, 3.234291, -3.1806056
0, 3.2573352, -2.128953
0, 3.078454, -2.4958382
1, 2.3438835, -2.9524875
0, 2.1546562, -2.9541802
0, 2.0855632, -2.703012
0, 2.507451, -2.7338417
0, 2.2300756, -2.3081784
0, 3.2030447, -2.9203916
0, 1.6684749, -4.0603685
0, 2.2994494, -2.1854348
0, 1.9987297, -3.031989
0, 3.174744, -3.020112
0, 2.1113403, -2.8362198
0, 2.4290776, -2.6543584
0, 3.383651, -2.390558
0, 1.9686856, -2.2343793
0, 1.5695324, -3.116084
1, 2.023442, -1.1584231
0, 2.6628487, -1.9719793
0, 2.4510853, -2.3978486
0, 3.3600261, -2.5879292
0, 1.6612643, -2.4998026
0, 2.8284154, -2.3959143
0, 2.1602607, -2.3167138
0, 2.0648818, -3.3207464
0, 3.3406787, -2.7423005
0, 2.044375, -3.247597
0, 1.5669899, -2.0787513
0, 2.3422122, -2.7421634
0, 3.1637568, -2.7528968
0, 2.647899, -2.7301545
0, 2.385759, -2.802579
0, 2.6389291, -2.6772072
0, 3.1580143, -2.6101053
1, 1.8914497, -2.4290936
0, 2.745223, -2.9223142
0, 1.3743317, -2.4642951
0, 3.2335906, -1.537552
0, 2.004798, -3.4691126
0, 3.015491, -3.0712829
0, 2.4155126, -1.7119565
0, 2.2985022, -2.6751907
0, 2.4226549, -3.414375
0, 2.1330876, -2.6379368
0, 2.2507029, -2.5966442
0, 1.961858, -2.5461895
0, 2.2349677, -2.5283055
0, 1.7272048, -3.0234485
0, 2.1971393, -2.2372954
0, 2.6766098, -2.3014846
0, 2.084371, -2.4519236
0, 2.41165, -2.162326
0, 1.8708442, -2.2795901
0, 2.074911, -3.5279083
0, 2.790572, -2.7882679
0, 2.285795, -3.1311185
0, 2.5386927, -2.7302945
1, 2.561428, -1.9691302
0, 3.6183195, -2.5832784
1, 2.595727, -2.1267662
0, 2.4284716, -1.9524639
0, 2.0944073, -2.6061747
0, 1.5014908, -3.1207595
0, 1.9351921, -3.0235252
0, 3.0146801, -2.1312644
0, 2.230337, -2.9083235
0, 2.8918762, -2.3195243
0, 3.235012, -2.4864206
0, 2.5742803, -2.3030183
0, 2.7394834, -2.8910153
0, 1.788844, -2.7874124
0, 2.1637015, -3.189795
0, 2.7585328, -2.510815
0, 1.7462478, -3.1533308
1, 2.3055115, -2.938738
0, 2.4479795, -3.3362954
1, 3.4513729, -2.3438811
0, 2.9723077, -1.6785026
1, 2.6668963, -2.569767
0, 2.1419616, -2.7823544
0, 2.801822, -3.0601606
0, 2.5147915, -3.0040634
0, 2.5028696, -3.8250563
0, 2.8279066, -1.664775
0, 3.377387, -2.3480437
0, 2.1645956, -3.044844
0, 2.3377826, -3.0559237
0, 2.863509, -2.6906602
0, 3.024378, -2.507726
1, 3.3870938, -1.5905967
0, 2.5698423, -3.2280476
0, 2.2882652, -2.9605536
0, 2.0339253, -2.7711394
0, 2.496215, -3.1270382
0, 2.9079492, -2.7378953
0, 2.2128346, -2.8130748
0, 3.0605674, -2.9539344
0, 3.060543, -2.7732778
0, 3.0680876, -3.001319
1, 2.0677922, -2.62212
0, 2.8074079, -3.0923774
0, 3.0901659, -1.9079636
0, 3.54247, -1.570191
1, 2.6221204, -2.4329317
0, 2.1426253, -3.6450973
0, 2.4448235, -2.2995422
0, 1.880846, -2.5214791
0, 2.2786822, -2.0882268
0, 3.0373414, -1.7733397
0, 1.3504016, -3.651488
0, 2.218437, -3.0763671
1, 3.3067825, -2.383711
0, 3.2582006, -2.1501133
0, 1.7941577, -2.9279659
0, 1.643624, -3.3933632
0, 2.5643957, -2.3813071
0, 2.3611598, -2.5901003
0, 2.193595, -3.0715292
0, 1.9989916, -2.6183226
0, 2.5475664, -2.389779
0, 2.3855112, -1.5781758
0, 3.3178542, -2.108249
0, 2.6301284, -2.5379183
0, 2.1155224, -3.16392
0, 1.6504238, -3.2049503
0, 2.4842117, -2.6066709
1, 2.1905773, -2.3581483
0, 2.3894553, -3.1511903
0, 1.7129714, -2.9065132
0, 2.8640392, -3.16614
0, 2.4973745, -2.5101273
0, 3.0011933, -2.7148101
0, 2.2780075, -2.3870842
0, 2.09405, -3.0309548
0, 2.253346, -2.6546338
0, 1.5921488, -2.9155285
0, 2.1714866, -3.0475266
0, 3.1283126, -1.624836
0, 1.746218, -2.964491
0, 2.4091456, -3.014853
0, 2.0446413, -3.004007
0, 4.6499143, -0.9995784
0, 2.362835, -2.343077
0, 2.1230385, -2.5317974
0, 1.9717823, -3.029075
0, 3.4111445, -1.9864032
0, 3.116691, -2.75964
0, 2.8142164, -3.1754675
0, 2.4640822, -2.7531915
0, 2.563912, -2.426277
0, 2.9569569, -2.4987657
0, 2.6433969, -2.6931171
1, 2.212193, -3.1282277
0, 2.6312099, -2.4351807
0, 1.9370916, -3.027296
0, 2.610102, -2.8717513
0, 1.8173327, -3.1496062
0, 2.6469152, -1.9871633
0, 2.3912525, -2.8777084
0, 2.0030737, -2.9381456
0, 2.4935336, -2.5045826
0, 2.5199656, -2.8288693
0, 2.297533, -3.0672705
0, 3.9229975, -2.7667763
0, 3.2000017, -2.6710162
0, 2.3811188, -3.0546758
0, 2.2216895, -3.235906
0, 2.829429, -2.815958
0, 2.3308318, -3.4481478
0, 2.5711317, -2.8600137
0, 1.7997348, -2.7878337
1, 2.139257, -2.605839
0, 1.9922794, -2.2228227
0, 2.8384635, -2.8861606
0, 2.9336023, -2.8558302
0, 2.6746843, -3.1368847
0, 2.7346938, -2.8376899
0, 2.3361034, -3.0259986
0, 3.2370844, -1.2341485
0, 2.2830648, -2.6321735
1, 2.8845, -2.594196
0, 2.329228, -2.9646633
0, 3.448142, -2.4198532
0, 2.3873897, -2.8337574
0, 2.759487, -3.010038
0, 2.7073274, -2.7312784
0, 2.5168688, -2.7109795
0, 2.5344696, -2.611187
0, 2.3571148, -2.8073065
0, 2.3715475, -2.6422095
0, 2.427137, -3.584876
0, 2.7080762, -2.4729831
0, 2.14688, -2.256865
0, 2.770278, -2.86748
0, 2.0771804, -2.8264241
0, 2.2394428, -3.5007899
0, 2.0775275, -1.558856
0, 1.5893457, -3.1857207
0, 2.4077926, -2.6258562
0, 2.399853, -2.5173519
1, 2.2219305, -2.3480315
0, 2.191669, -2.9570265
0, 2.5451062, -2.417781
0, 2.0906053, -2.0480695
1, 2.06137, -2.6044738
0, 2.0934384, -3.479563
0, 1.2898157, -3.720396
0, 3.0536578, -3.1027896
0, 2.374557, -3.3121753
0, 3.3771782, -2.2153718
0, 1.8075559, -3.313376
0, 1.9923186, -3.0596766
0, 1.8087597, -3.0130699
0, 2.7966833, -2.5064037
0, 3.153063, -2.217714
0, 1.7398795, -2.6797657
0, 3.293095, -2.794511
0, 2.1222577, -3.7632608
0, 2.7935429, -2.1111004
0, 3.2235327, -2.3230424
0, 2.0527573, -3.3366325
1, 4.35849, -2.0651557
0, 2.5726218, -2.5993543
0, 3.2145114, -2.7229002
0, 2.9576824, -2.6945417
1, 2.531859, -1.4377851
0, 2.2278705, -2.800848
0, 2.8202238, -1.8358129
0, 3.1987967, -2.6105788
0, 2.5497108, -3.0211174
0, 2.8718307, -2.6663249
0, 2.6210637, -2.3420498
1, 2.1645098, -2.6574466
0, 1.5546725, -2.4772043
0, 3.0059433, -2.3586915
0, 3.1907904, -2.875236
0, 2.1838353, -3.2684715
0, 2.242453, -3.8244932
0, 3.4531815, -2.8453875
0, 3.844318, -0.8734732
0, 3.1587672, -2.89189
0, 3.2657795, -2.3453007
1, 2.703587, -1.9166635
0, 2.04352, -3.814486
0, 1.7242998, -3.3788912
0, 2.7047565, -2.5155418
0, 3.1029146, -2.262661
0, 2.3609638, -2.5814865
0, 2.9606776, -2.0121403
0, 3.6248624, -2.5718555
0, 1.88276, -2.584704
0, 1.804029, -2.6247492
0, 2.4262915, -2.7917898
0, 2.0882049, -2.9134834
0, 2.1301336, -2.7095947
0, 2.741329, -3.256327
0, 2.2381105, -2.3934467
0, 2.7328243, -2.3626177
1, 2.8680778, -1.7102487
1, 3.743057, -1.3485484
0, 3.4684532, -1.3401542
0, 1.832758, -2.382716
1, 1.8628505, -2.5551035
0, 3.1909165, -2.3281834
0, 2.5980163, -2.302028
0, 2.9693675, -2.7597916
0, 1.4654047, -3.1315248
0, 2.789537, -1.8387674
0, 4.0199685, -2.8309784
0, 3.7733767, -2.1123545
0, 3.0492558, -2.6427317
0, 2.2172017, -3.0540068
0, 1.9130776, -2.6327128
1, 2.7090116, -1.6187545
0, 2.001532, -2.4129019
1, 1.5771879, -3.4840653
0, 2.189734, -2.9711626
1, 1.6539462, -2.4253726
0, 3.04411, -2.3436637
0, 2.9878614, -1.9970725
0, 3.616824, -2.5347345
0, 3.780401, -2.3141296
0, 2.3862078, -3.1884103
0, 2.6119647, -2.7180407
0, 3.0104551, -2.3136792
0, 1.9345814, -3.3848517
0, 2.623439, -2.378926
0, 2.7168837, -2.7912252
0, 1.5166202, -3.6598268
0, 3.807818, -1.6346245
0, 1.4340262, -3.051309
0, 2.480741, -2.6473243
0, 2.330161, -3.378055
0, 2.3892632, -2.8448918
1, 2.658885, -2.1720634
0, 2.1814723, -2.819811
0, 2.776983, -3.2091975
0, 2.065085, -2.6292713
0, 2.465337, -2.7613924
0, 1.7191634, -2.8175445
0, 2.6041095, -3.2765107
0, 2.0464308, -3.0139573
0, 1.5411925, -2.5166256
0, 2.2350926, -2.3774898
0, 2.348105, -1.6512898
0, 2.3980024, -2.9222665
1, 3.3079388, -0.7308806
0, 2.2370315, -2.713813
0, 2.0551229, -2.9192328
0, 2.5076802, -2.089783
0, 3.3094296, -1.8818367
0, 1.7980202, -2.319734
0, 2.8559198, -3.1524312
0, 3.0778599, -2.1226418
0, 1.7854707, -2.91879
0, 3.0466878, -2.9459035
0, 2.4852476, -2.93188
1, 2.3508072, -1.5740947
0, 2.3403237, -2.6989858
0, 2.2678175, -2.958575
1, 1.7521651, -2.7686021
0, 3.440334, -2.2043674
0, 3.011005, -1.7028135
0, 1.8839598, -3.2817316
0, 2.2320714, -3.36054
0, 2.1650968, -2.7195666
0, 2.258569, -1.5546745
0, 1.8549911, -2.9769006
0, 2.3265166, -2.4630306
0, 3.1541665, -2.0286562
0, 4.2228966, -1.3699452
0, 2.6074612, -3.0085955
0, 2.853819, -2.3415298
0, 1.5771676, -2.6668208
0, 2.2400253, -2.8694074
0, 3.1694279, -0.967531
0, 1.7308028, -2.1701343
0, 2.2703261, -2.788783
0, 1.3102207, -2.9145534
0, 3.002588, -2.879745
0, 1.8578553, -3.9222212
0, 3.3830667, -3.1804645
0, 2.1292777, -3.0568433
0, 1.7920682, -3.1515105
0, 2.2243986, -2.5032115
0, 3.229837, -2.5136197
0, 2.4994354, -2.8838432
1, 2.2881606, -2.23245
0, 2.7688308, -2.5264218
0, 2.1856894, -2.9030623
0, 2.1302028, -3.3545914
0, 2.6609087, -2.9318895
0, 2.0444684, -2.629155
0, 2.9598823, -1.296846
0, 2.664309, -2.717335
0, 1.9438865, -2.3152936
0, 2.4984946, -3.958485
0, 3.6302588, -2.4086542
0, 2.5799243, -3.2518802
1, 2.2488744, -2.5360212
1, 1.4424343, -3.0950627
1, 2.271882, -2.5797932
0, 1.7823284, -3.5167952
0, 2.700993, -1.9699627
0, 2.3228772, -3.1559377
0, 2.108254, -2.8994226
0, 3.1579766, -2.2528906
0, 2.494691, -2.4229045
0, 2.5925634, -2.1054595
0, 2.6319194, -2.088396
1, 2.6335232, -2.1619346
0, 2.22157, -2.6994226
0, 4.118493, -1.8923213
0, 3.2820272, -3.3536913
0, 2.3336658, -3.0283515
0, 1.8884339, -3.0036013
0, 3.2889068, -3.2853427
0, 2.1425886, -3.200429
0, 2.2353163, -2.8058016
0, 2.5896277, -2.3673704
0, 2.2523131, -2.397545
0, 1.6990345, -2.7561321
0, 2.277672, -2.448846
1, 3.3595848, -1.8505903
0, 2.348285, -3.325879
0, 1.5163848, -2.5256798
0, 2.938452, -2.0159838
1, 2.2682114, -2.987222
0, 2.003085, -2.7361321
0, 3.0020552, -2.4777818
0, 2.9191616, -2.700846
0, 3.077312, -2.656376
0, 3.211132, -1.9637607
0, 1.5904057, -2.0415363
0, 3.0560625, -2.0134473
1, 2.6521895, -2.6250162
0, 4.2374225, -2.0960736
0, 2.2059095, -2.9015296
0, 2.1996734, -3.153831
0, 2.054501, -2.8390572
0, 2.3741171, -2.4050474
0, 1.8058438, -2.725448
0, 2.3146343, -2.6256635
0, 1.8681003, -3.5451102
0, 2.3012195, -2.8292646
0, 2.4328363, -2.2730334
1, 3.0970118, -2.3322406
0, 2.413434, -2.5010006
0, 2.1167393, -3.8706803
0, 2.8119855, -2.9093285
0, 2.2664933, -0.92541695
0, 2.7843733, -2.4926076
0, 2.1585531, -3.3651478
0, 2.361876, -2.4735048
0, 1.9554226, -3.1325097
1, 2.356624, -1.7470499
0, 2.3121676, -3.0241284
0, 2.7543497, -3.4454908
1, 2.2281268, -2.183983
0, 3.2052698, -2.2221727
0, 2.1699119, -2.1602402
0, 2.3814292, -2.7792535
0, 1.7632453, -2.6214993
0, 2.5004163, -2.5990283
0, 3.4644713, -2.492718
0, 1.6895571, -3.6661444
0, 2.5312712, -3.321959
0, 3.7708516, -1.7997731
0, 2.4704807, -2.9057412
0, 3.182304, -2.163737
0, 3.0055695, -2.9783392
0, 3.4224758, -2.2539866
0, 1.8826966, -3.2415
0, 2.330795, -2.1782982
0, 2.48716, -2.8185363
0, 2.0791, -3.4706817
0, 2.569415, -2.831093
0, 2.8363786, -2.837064
0, 3.5279446, -2.005445
0, 2.2191753, -3.260604
0, 2.4628012, -3.497565
0, 2.862873, -2.5137312
1, 2.1673017, -2.0353205
0, 1.5611901, -2.6005993
0, 3.1141791, -1.9998686
0, 2.1829953, -2.4182396
0, 3.6433852, -1.5257624
0, 2.8838606, -2.1425707
0, 2.3419814, -2.4914815
0, 3.2151499, -2.8690627
0, 2.1237435, -3.4123328
1, 2.2650313, -2.6268456
0, 2.9103086, -2.3411877
0, 1.7418894, -3.2704904
0, 2.683186, -3.0319896
0, 3.079062, -1.9630091
0, 1.4673262, -2.986766
0, 2.1292472, -2.8595016
0, 3.2545724, -2.81828
0, 2.372441, -2.8756084
0, 2.0786748, -2.9690259
0, 2.7140946, -2.7034354
0, 2.2214947, -3.207407
0, 3.3428752, -0.58284384
0, 2.402773, -2.9796858
0, 2.2075925, -2.647133
0, 1.0296388, -2.5495975
0, 2.9392643, -2.5276167
0, 1.6655705, -2.70479
0, 2.1159048, -2.3410788
0, 1.8696606, -3.3228755
0, 3.3821359, -2.1926517
0, 2.8524725, -3.7260685
0, 1.7288747, -3.3582404
0, 2.78679, -1.0873022
0, 3.401123, -2.2819066
0, 2.2729888, -3.018447
1, 2.8304865, -2.2470949
0, 2.6937828, -2.2082953
0, 2.2562914, -2.397645
0, 1.2719598, -3.402567
0, 1.9453539, -2.6495576
1, 2.2975085, -2.4448314
0, 1.5996605, -4.9529657
0, 2.1907601, -3.268222
0, 3.6049213, -1.6896892
0, 2.8677783, -4.0404663
0, 2.8546972, -2.5151672
0, 2.7075212, -2.8327272
0, 2.9058695, -2.825501
0, 2.5752347, -2.3691773
0, 2.464815, -2.6127226
0, 2.7733648, -1.7593402
0, 2.264255, -2.1016793
0, 2.6162093, -2.0916865
0, 2.8773777, -3.300524
0, 1.9864788, -2.3155847
0, 1.7762934, -2.3691974
0, 2.3870733, -3.0608318
0, 2.25285, -3.233882
0, 2.6400452, -2.90771
0, 1.5811568, -2.8535075
1, 2.4921632, -2.4244268
0, 2.1673112, -3.4836822
0, 3.4048696, -2.7356656
0, 1.8957069, -2.8104606
0, 2.2638638, -1.9831219
0, 3.0130956, -2.6057417
0, 2.5434785, -2.9151082
0, 3.2897348, -3.0695434
0, 2.4272795, -2.960111
1, 2.2632658, -2.706042
0, 2.4129617, -2.2589433
1, 2.48814, -3.0485492
0, 2.695128, -2.5543022
0, 1.8781612, -2.9458227
0, 1.9965891, -2.867175
1, 2.3028522, -2.8315213
0, 3.3264074, -1.5523401
0, 3.1109476, -2.1348965
0, 3.044606, -2.6380188
0, 4.0615296, -1.1135868
0, 1.8230546, -3.0875337
0, 3.8729517, -1.8169309
0, 1.9320157, -2.6757298
0, 2.7243056, -3.2076747
1, 3.7203345, -2.1959708
0, 2.4509637, -3.1020913
0, 2.2335186, -2.4164917
0, 2.385889, -2.5263548
0, 3.7898066, -1.5678406
0, 2.1324701, -3.2480662
0, 2.400537, -3.5306218
0, 2.5429106, -2.2855382
0, 2.8130195, -2.2902136
1, 3.750019, -1.8607627
0, 3.0222, -3.2624185
0, 2.711023, -2.6362438
0, 3.2472153, -2.7308102
0, 2.7202015, -2.024385
1, 2.5118616, -2.2419293
0, 2.4606411, -2.4156284
0, 1.77442, -1.9879779
0, 2.2331676, -2.1955137
0, 2.270567, -1.607074
0, 2.3488746, -2.0926952
0, 2.2840874, -3.204826
0, 1.1319482, -1.852417
0, 2.8258398, -2.6943927
0, 2.0431914, -3.0181472
0, 2.338511, -2.1539774
1, 1.5681008, -2.897585
0, 2.948954, -2.851941
0, 3.603405, -2.267281
0, 3.1652772, -2.0296788
1, 1.9832091, -2.5057423
0, 2.8014238, -2.75113
0, 2.2903671, -2.7977335
0, 2.3734877, -2.052161
1, 3.4992218, -1.7085905
0, 2.2703831, -2.5800881
0, 3.9042277, -2.4134634
0, 1.7791483, -2.4279172
0, 2.035747, -2.6170352
0, 2.291532, -4.216378
0, 2.8021603, -2.2073154
0, 2.0038936, -2.7711446
0, 3.0492704, -2.7469761
0, 2.2608216, -3.3384814
0, 3.655067, -2.1250942
0, 2.4265318, -2.4698954
0, 2.304512, -3.1198812
0, 1.714747, -4.18141
0, 2.493417, -2.812852
1, 2.0411913, -2.9503715
0, 2.1699245, -3.0499132
0, 3.3304303, -3.0477588
1, 3.225411, -2.2236545
0, 2.855332, -2.4601297
0, 2.6094322, -2.764551
0, 2.1702175, -2.6430094
0, 3.366963, -2.2347414
0, 3.9792943, -3.0329747
0, 3.2233043, -2.6150126
1, 2.558926, -2.396023
0, 2.3107, -2.7744825
0, 2.4748924, -2.8136213
0, 2.056483, -2.6858785
0, 2.8870585, -1.1632055
0, 2.1941235, -3.089864
0, 3.3658252, -2.5253725
0, 2.255383, -2.8293512
0, 2.3712423, -2.6423607
0, 3.2548382, -1.9006491
0, 2.2820039, -2.156984
0, 2.382534, -2.7265403
0, 3.2121384, -1.8770461
0, 2.7836466, -3.096578
0, 3.185412, -3.4178863
0, 1.6721607, -2.520056
0, 2.4176433, -3.2869096
0, 2.1943738, -2.8346934
0, 2.6852582, -3.2643082
0, 3.2319603, -2.4228814
0, 2.7072973, -2.4421103
0, 2.4856997, -3.0595894
0, 3.5614197, -0.96173
0, 1.9919114, -2.5000188
0, 1.8041943, -4.162382
0, 2.2825854, -1.9690429
1, 2.2032282, -1.9726053
0, 3.4605322, -2.517839
0, 3.4093013, -2.415312
0, 3.05997, -2.2013607
0, 2.5134726, -2.7159111
0, 2.4314175, -2.884305
0, 2.7848258, -2.9655852
0, 2.3473003, -2.4766939
0, 2.3239794, -2.967604
0, 2.6998138, -2.4425163
0, 2.3240938, -2.848543
0, 2.3704262, -2.6505105
0, 1.4990935, -2.6616597
0, 2.6147792, -2.821569
0, 2.5657532, -2.7626204
0, 2.920102, -2.4752338
0, 2.5420833, -2.2718008
0, 2.5642717, -2.7815735
0, 3.5839434, -0.82837385
0, 2.1397696, -2.3457532
0, 2.1449535, -2.9494796
0, 2.4550562, -2.8515186
0, 3.2104213, -2.5805652
0, 1.9496226, -2.7178128
0, 1.9207959, -2.855414
0, 2.3274915, -2.9118338
0, 2.0857582, -3.0731056
0, 2.5411792, -2.978569
1, 2.0701678, -3.2279608
0, 2.2016606, -2.7998214
0, 2.392806, -3.1912875
0, 3.2301188, -2.5284977
0, 2.7533507, -2.7305024
0, 2.3331184, -3.350583
0, 2.1956854, -3.427609
0, 2.6919734, -2.2413695
0, 2.3000598, -2.6348972
0, 1.4301139, -3.4449987
0, 2.2257814, -2.902081
0, 2.2199585, -2.7339187
0, 1.2044713, -3.915955
0, 2.4206, -3.2473366
0, 3.4539788, -1.5995775
0, 2.1655228, -3.3820763
0, 2.605997, -2.7816944
0, 2.2946997, -2.9370806
0, 3.3170767, -2.2098267
0, 2.6780639, -2.2775288
0, 2.607404, -1.752568
1, 2.2177072, -2.938816
0, 2.2794514, -2.7321827
0, 2.9558415, -1.5357608
0, 2.3795996, -3.0750546
0, 2.2205799, -2.9748926
0, 4.001708, -2.7743108
0, 3.3196907, -2.9726555
0, 3.023162, -2.3314812
0, 2.090824, -3.3003306
0, 2.7664106, -2.807563
1, 2.523224, -2.948515
0, 2.2783163, -3.10821
1, 1.7001257, -2.9938252
0, 2.0968204, -2.6578157
1, 2.8191125, -2.6699908
0, 3.5936503, -1.1017461
1, 2.5685694, -3.1781788
0, 1.4939828, -3.0365224
0, 2.1752484, -1.9895477
0, 3.3379297, -2.6809614
0, 2.7584429, -2.2295713
0, 2.3897808, -2.9680035
0, 3.4733248, -2.3996148
0, 2.4791965, -2.5864751
0, 2.6004705, -3.1257207
0, 1.3887715, -3.2896724
0, 2.1003718, -2.3641057
0, 3.8341963, -1.7099209
0, 2.8428957, -2.9559925
0, 2.8569112, -2.2517853
1, 2.3073478, -1.1328717
0, 3.300475, -2.3982592
0, 1.4462237, -3.0226662
0, 3.256702, -2.7575946
0, 1.7645861, -2.4782364
0, 2.9146304, -2.07758
0, 3.0859032, -2.7099698
0, 3.9471507, -2.0067768
0, 2.6680472, -3.0756693
0, 2.8618393, -2.8874948
0, 2.2418847, -2.298291
0, 2.0411148, -2.4679778
0, 2.0622687, -2.5650563
0, 2.3529975, -3.249738
0, 1.6551735, -3.1989992
1, 2.7788844, -1.5960788
0, 3.6167026, -1.2659818
0, 2.760387, -1.9156514
0, 2.7702565, -2.35374
0, 3.341834, -2.3811052
0, 3.5918891, -1.9449124
0, 2.1680498, -3.121714
0, 2.3104453, -3.0130858
0, 2.432176, -3.5650144
0, 2.7301116, -2.7510643
0, 2.925222, -3.0161648
0, 2.174593, -3.5144916
0, 2.1127448, -3.7123826
0, 2.807062, -2.228109
0, 2.0100346, -3.0994887
1, 2.459312, -2.6671834
0, 3.6674771, -2.312955
0, 3.3965335, -2.8361533
0, 1.5559834, -3.7994478
0, 3.410629, -1.8748398
0, 2.4024758, -2.55504
0, 2.0808744, -2.4941945
0, 1.6884491, -2.5426898
0, 2.348459, -3.3813767
0, 3.3329325, -2.6516922
0, 2.2149312, -2.6021085
0, 2.1542962, -3.6456745
0, 2.0067925, -3.0041873
0, 2.3537345, -3.0745661
0, 3.128347, -2.8433685
0, 2.7549577, -2.6993303
0, 2.7646055, -2.3828807
0, 2.0980122, -3.0779686
0, 2.2012548, -2.9028738
0, 2.348399, -3.2167866
0, 2.257826, -3.385404
0, 1.8761058, -3.4389
0, 2.1003702, -2.9446864
0, 3.6725068, -2.1916504
0, 2.1262293, -3.075491
0, 1.92502, -3.3901172
0, 2.660394, -2.4314206
0, 3.5758505, -3.2429085
0, 2.7065687, -3.1473107
1, 1.8983659, -2.6610641
0, 2.3624883, -2.7673404
0, 2.3043833, -2.994386
0, 2.5509973, -2.0982075
0, 2.364129, -2.3509178
0, 2.2445693, -3.644241
0, 2.945174, -2.177275
0, 2.456788, -2.7218065
0, 3.6920273, -1.3298173
0, 2.1537328, -2.91934
0, 2.846726, -3.2229862
0, 2.432632, -2.4923005
0, 1.7010071, -4.1158547
0, 1.9341362, -2.5531404
1, 2.8100276, -2.7029948
0, 2.1713762, -2.8983839
0, 2.8267133, -2.786666
0, 2.249972, -2.3202431
0, 2.233994, -3.1936007
0, 2.167304, -2.9445224
1, 2.5659971, -1.5883791
0, 3.3862386, -1.9419899
0, 3.6268456, -2.891309
0, 2.8018308, -2.5400422
0, 2.060349, -2.4793077
0, 1.9562132, -2.0281937
0, 4.24399, -2.2441037
0, 1.7670176, -3.7969313
0, 2.5620594, -2.7984524
0, 3.133345, -1.9910673
0, 2.2862873, -2.8517747
0, 2.2671323, -2.791757
0, 2.4376826, -2.0902882
0, 1.5981512, -1.9422975
1, 1.9699147, -3.2522197
0, 2.4805171, -1.9097995
0, 4.2879133, -0.30821955
0, 2.0350676, -3.4340944
0, 3.6056523, -1.9912249
0, 3.1948104, -2.8923683
0, 2.3365593, -2.6568236
0, 2.1906252, -3.00762
0, 2.8351762, -2.758249
0, 2.3469296, -3.0592196
0, 2.3296661, -3.2565901
0, 2.8721807, -3.230256
0, 3.0458388, -3.3935056
1, 2.5353231, -1.9852264
0, 4.214963, -1.5145509
1, 2.3379056, -2.7042968
0, 2.2800395, -2.8578167
1, 2.1053472, -2.7642643
0, 1.9069405, -3.0754702
0, 2.1397161, -3.2021282
0, 3.7812338, -2.2345932
0, 2.1102421, -3.6551557
0, 3.2876441, -2.7649286
0, 2.698772, -2.1467967
0, 2.077826, -3.5064325
0, 1.7124481, -2.921875
0, 2.8547313, -2.126564
0, 2.5855777, -2.4522648
0, 2.7728872, -2.4053192
0, 2.6944337, -2.9390223
0, 2.5483186, -1.7841442
0, 2.67986, -3.1038356
0, 2.5369322, -2.7045636
0, 1.8199396, -3.0056026
0, 2.2706332, -2.9861183
0, 2.2622848, -1.8976794
0, 2.5837383, -2.9596627
0, 1.7686378, -2.7362514
0, 2.6357803, -2.2929065
1, 2.3941746, -2.9182055
0, 3.0926762, -2.6207182
0, 2.986977, -2.4147427
0, 3.7689614, -2.264119
1, 2.3845067, -2.613805
0, 2.1281, -2.8794732
0, 2.6055605, -2.9534523
0, 3.3559527, -3.338537
0, 2.263999, -2.2805767
1, 2.2365391, -2.2089598
0, 1.3237686, -3.6807451
0, 2.2417521, -2.9099596
0, 2.2879443, -2.4207008
0, 2.0199926, -2.7988424
0, 2.786734, -2.571578
0, 3.4119349, -2.0865033
0, 2.1927242, -2.300589
0, 2.5657272, -2.6239338
0, 2.2481654, -2.615691
0, 1.4458352, -3.6691878
0, 3.1843126, -2.8369446
0, 2.2686074, -2.786114
0, 2.1835663, -2.4239907
0, 2.4785547, -1.8557281
0, 1.8720133, -3.0142112
0, 2.5752919, -2.2644653
0, 2.3632717, -2.8252704
0, 2.44741, -2.3067682
0, 4.1429076, -1.0764298
1, 2.3580046, -2.8099868
0, 2.7900767, -2.4765024
0, 1.9903531, -2.331912
0, 2.316896, -3.1625881
1, 2.3592837, -2.3498757
0, 2.8613598, -3.1502707
0, 4.0745554, -1.4970161
0, 1.8727806, -2.586556
0, 1.7277128, -2.4425228
0, 1.8307445, -3.1737158
0, 2.6292214, -1.8117219
0, 2.1814377, -2.291813
0, 2.0420775, -1.7795693
0, 3.01025, -2.3223581
0, 1.9877667, -3.7340631
0, 1.8756247, -2.7994545
0, 2.8108406, -3.2685585
0, 3.277814, -2.7394257
0, 2.212305, -2.068277
0, 3.2249207, -2.3598838
0, 2.1212704, -2.5408287
0, 1.7269026, -3.0351088
0, 1.8649917, -2.9424531
0, 2.4999464, -2.465664
0, 2.4676452, -2.401914
0, 2.0968394, -2.98925
0, 2.2181048, -3.011423
0, 1.8705388, -3.0912552
0, 2.187611, -3.0718348
1, 3.047171, -2.3224752
0, 1.840208, -2.5573828
0, 2.2396364, -2.7844086
0, 2.1598992, -2.6186838
0, 2.9777865, -2.188741
0, 2.2933, -3.1591187
0, 2.4116309, -2.9288068
0, 2.4091077, -2.7594419
0, 1.9137185, -2.9382062
0, 2.2398298, -2.9333873
0, 1.7994552, -2.019747
0, 2.3488832, -2.5077085
1, 2.370572, -3.253521
1, 2.5357337, -1.8180525
0, 2.1166024, -2.9481947
0, 2.4191666, -2.4491248
1, 3.01171, -1.1574599
0, 2.3473864, -2.3746386
0, 2.775352, -1.9580567
0, 2.9862895, -2.3409946
0, 2.1998346, -2.4777706
0, 2.4250362, -2.567367
0, 2.3621385, -2.1504679
0, 1.9346308, -3.0772982
0, 2.216516, -2.8597412
0, 3.255718, -2.1845288
0, 2.679905, -2.6410928
0, 1.4849675, -2.9789245
0, 2.8085153, -1.2878631
0, 2.0581746, -2.677413
0, 1.986069, -2.5535846
0, 1.8384756, -3.1560192
1, 3.7652004, 0.03093418
0, 1.9940857, -3.043012
0, 1.8469796, -2.8283343
0, 2.2714982, -2.8188093
0, 2.7392058, -2.4184804
0, 2.1944196, -3.3221633
0, 1.4295772, -2.9121127
0, 3.4668262, -1.9734046
0, 2.6091654, -2.747227
0, 1.6696656, -2.5531125
0, 2.8082976, -2.4689064
0, 1.818437, -2.98044
0, 2.7361948, -2.995641
0, 2.1800487, -2.5251358
0, 2.3425665, -3.6075292
0, 3.0767846, -2.4902675
0, 2.704946, -2.5778754
0, 2.0170355, -2.2567058
0, 3.269275, -2.0240715
0, 2.7956686, -2.4287517
0, 3.959159, -1.2009633
0, 2.1190689, -1.8443305
0, 2.2804205, -3.3122334
0, 2.2900748, -2.921995
0, 2.617425, -3.0305169
0, 1.9596767, -2.6048956
0, 2.9620981, -2.010985
0, 2.4909503, -2.6171217
0, 2.1928473, -2.68687
0, 4.2473083, -2.0803018
0, 2.388298, -2.8516095
0, 2.4010687, -2.8326302
1, 2.598106, -2.1056223
0, 3.7482495, -2.3017707
0, 2.2286873, -3.3240943
0, 2.1825142, -3.0990093
0, 1.871008, -1.5975415
0, 1.6611598, -2.3939848
0, 2.5199888, -2.4030285
0, 2.1037686, -3.255344
0, 3.5558486, -2.3169851
0, 3.0993197, -2.0903878
0, 2.6183126, -1.9323573
0, 2.3519793, -3.1783743
1, 1.855426, -2.5134976
0, 2.357317, -2.639926
0, 2.7318733, -2.372414
0, 2.2079456, -3.5153399
0, 2.770326, -2.5236344
0, 1.9484282, -3.0351071
0, 2.5282283, -1.335261
0, 2.2335176, -2.6373036
0, 3.031053, -3.1284387
0, 2.4645114, -2.3957925
0, 1.7692876, -2.2537167
0, 2.7481089, -2.471981
0, 2.081017, -2.5879529
0, 2.0825748, -2.8516312
0, 1.6079111, -2.8904128
0, 2.63821, -3.5154455
0, 2.0005846, -2.6785216
0, 3.6195776, -1.7654917
0, 2.5483067, -2.586598
0, 2.4102774, -3.3318274
0, 2.9887514, -2.202795
0, 3.534449, -2.3003993
0, 3.3446102, -1.6926094
0, 3.3657231, -1.9670458
0, 2.08079, -2.6615114
0, 2.9023395, -2.2462919
0, 1.9446251, -2.7577102
0, 2.8767076, -2.3036356
0, 2.1011813, -2.4121742
0, 2.2966993, -3.2485704
0, 2.9332, -1.7761331
0, 2.0035365, -2.7840433
0, 2.78879, -2.0645614
0, 3.252867, -2.656278
0, 1.5429406, -3.811049
0, 1.7758052, -2.9709888
0, 2.1215172, -2.2273457
0, 2.1425061, -3.001487
0, 2.4907014, -2.8384788
0, 1.9981453, -3.0134583
0, 3.1764498, -2.4002097
0, 2.4642997, -2.867117
0, 1.9186269, -2.0528946
0, 2.5661016, -2.0346568
0, 2.1053238, -3.4499838
0, 2.473206, -2.8674095
0, 2.3059294, -2.551065
0, 2.2172215, -2.8265626
0, 2.10498, -2.9487615
0, 3.3698993, -2.1235094
0, 2.3201077, -2.8738012
0, 2.1374953, -2.7517924
0, 1.4747726, -2.797842
0, 3.032145, -2.595404
1, 2.6988807, -1.329263
0, 2.5735176, -2.730533
0, 2.2827544, -2.2234025
1, 2.5114176, -2.8195972
0, 1.5568037, -3.4250333
0, 1.996989, -3.2569618
0, 2.05732, -3.9838471
0, 2.686711, -1.807184
0, 2.9749036, -2.4383755
0, 3.4611053, -3.0034103
0, 2.379762, -2.284969
0, 2.8119383, -2.038155
0, 2.8921123, -2.9418414
0, 3.2074947, -2.2004993
0, 2.0204911, -3.3237855
0, 2.0142527, -3.4678671
0, 3.2562206, -2.7631931
0, 3.0808344, -2.6626487
0, 2.1249542, -2.9160671
0, 3.74188, -2.875847
0, 3.5842614, -0.96889627
0, 3.1033154, -2.0932362
0, 2.9050446, -2.1270273
0, 1.7409036, -2.8515828
1, 3.2199392, -2.1896372
0, 2.4059064, -2.8828344
0, 2.4055078, -2.7916598
0, 2.7320642, -2.8042684
0, 2.7515082, -2.617657
0, 2.5567613, -2.0285585
1, 1.5761924, -3.5831997
0, 2.5667052, -1.8793602
0, 1.8621719, -3.9722853
0, 2.0152125, -3.1937246
0, 1.5990512, -3.0551124
0, 2.0054677, -3.4491026
0, 2.1470551, -3.1712403
0, 2.1979027, -2.9012604
0, 2.029831, -2.9597478
1, 2.4974566, -2.6640487
0, 2.9333417, -1.947863
0, 2.1453657, -2.4875145
0, 1.7783108, -2.5908415
1, 2.2687888, -2.108574
0, 3.8584971, -2.1798475
0, 4.853351, -1.4163729
1, 1.5880848, -3.235331
0, 2.1579468, -3.1553369
0, 2.599125, -2.8631268
0, 1.4241835, -3.8355856
0, 2.4315674, -2.1866598
0, 2.0954356, -2.6881554
0, 2.267622, -2.8227963
0, 2.1203854, -3.5557148
1, 2.2624915, -2.3886416
0, 1.423075, -3.4899771
0, 2.1416917, -2.3110332
0, 2.1072502, -2.9008188
0, 1.7643043, -2.5608056
0, 2.3570292, -3.1454682
0, 2.5322926, -2.7523375
0, 2.2178154, -2.1358132
0, 3.3244684, -1.3411367
0, 2.2104712, -2.6863248
0, 2.1667871, -2.6071239
0, 3.720662, -2.3743978
0, 2.4704304, -2.2884865
0, 1.9750043, -3.1925395
1, 3.098431, -1.5676081
0, 3.0053034, -2.4352221
0, 1.5198716, -3.1298037
0, 2.9904485, -2.938148
0, 1.5054597, -2.8966565
1, 2.6674356, -2.7037265
0, 2.3886387, -3.3962731
0, 1.9725649, -3.1057327
0, 2.4241052, -2.680644
0, 3.5118825, -2.0998502
0, 1.5704603, -2.3657062
0, 2.9060602, -2.8666673
0, 2.2300155, -2.9895039
0, 3.5181477, -2.4829926
0, 3.2698846, -1.9943902
0, 2.2886062, -3.5241442
0, 2.8649561, -1.9475129
1, 2.0574179, -3.0672364
0, 3.1519752, -2.7444162
0, 2.503114, -2.8610473
0, 2.0515044, -2.7772088
0, 2.0908787, -2.9325104
0, 2.176935, -2.838272
0, 2.5899005, -2.8348927
0, 2.4399366, -2.9637482
0, 1.9410284, -3.5244412
0, 2.0648055, -3.1104248
0, 1.8940302, -2.5904388
0, 2.0363607, -2.9977427
0, 2.296808, -1.8604478
0, 1.5727067, -2.4290426
0, 1.8994998, -3.344572
0, 1.8915529, -3.050597
0, 4.137358, -2.0166402
0, 3.0811338, -2.782625
0, 2.3037262, -2.7732174
0, 1.8232956, -2.0916927
0, 2.9205456, -3.1527798
0, 1.9626987, -3.2835858
0, 4.172221, -1.8467393
0, 2.1161485, -2.1779926
0, 1.3082691, -2.6506817
0, 2.0539691, -3.145594
1, 2.9193048, -1.6170948
0, 2.6733932, -1.8045282
0, 3.3742876, -3.4815025
0, 3.6733747, -2.1945443
0, 1.9676105, -2.3378527
0, 3.5779004, -3.094886
0, 2.2518969, -2.5355814
0, 1.7827858, -3.4204268
0, 3.08408, -2.801626
0, 2.5156074, -2.3789728
0, 2.6163275, -3.125087
0, 2.7909813, -2.7030048
0, 2.0276604, -3.3850482
0, 2.223422, -2.7589056
0, 1.9669771, -2.800251
0, 2.5793264, -2.00334
0, 2.4548001, -3.565974
0, 2.178158, -2.6189363
0, 3.0682237, -3.3243003
0, 2.5359333, -3.224874
0, 3.2341897, -2.6280208
0, 3.768743, -2.7088623
0, 2.7019448, -2.1441443
0, 2.0121706, -2.360741
0, 2.6425998, -2.6796436
0, 2.5116885, -2.6893342
0, 2.183872, -2.538492
0, 3.2723775, -2.291225
0, 2.523877, -2.6903415
0, 2.353453, -2.9083016
0, 2.5572493, -3.2550778
0, 2.0629818, -2.832424
0, 1.755656, -3.1653302
0, 2.1909847, -3.0758517
0, 1.562845, -3.0394597
0, 1.7885834, -3.0186648
0, 2.820405, -2.2964294
0, 3.058783, -2.3945005
0, 2.4598136, -2.5952268
0, 3.2215714, -2.0741985
0, 1.5412748, -3.1152172
0, 2.8763323, -1.9848077
0, 2.4003954, -2.57745
1, 2.3666782, -2.4877043
1, 2.4849925, -2.4407601
0, 1.7236613, -3.0991225
0, 2.4462419, -2.7033038
0, 1.9480612, -2.718146
0, 2.2326539, -2.763225
0, 2.3976443, -3.2532613
0, 2.2872508, -2.8329785
0, 2.5524445, -2.8469477
0, 1.7695713, -3.1836565
0, 1.5047138, -2.007268
0, 2.6869516, -2.9742932
0, 2.6347008, -3.1879234
1, 2.0244384, -1.980793
1, 2.4764638, -2.0897007
0, 2.7587154, -2.3327742
0, 2.2746108, -2.444622
0, 2.1453924, -2.5903165
0, 1.7880647, -2.3233335
0, 2.5227656, -3.136697
0, 3.1576664, -2.2502735
0, 2.6025918, -2.490305
0, 3.0660849, -2.4868562
0, 2.169939, -1.9111662
1, 2.2285457, -1.6200366
0, 2.4692953, -2.4368784
0, 3.8868213, -0.63753355
0, 2.6069198, -2.47466
0, 1.921176, -3.8805728
0, 3.0673046, -2.3533971
0, 3.0556655, -2.8238294
0, 2.4074295, -2.6171327
1, 3.306549, -1.4891853
0, 3.9201362, -1.7822212
0, 2.3236609, -3.0824704
0, 2.2714632, -3.1474092
0, 2.8010514, -2.5549386
0, 2.9617436, -2.9015286
0, 2.4168959, -2.6733446
0, 3.7000537, -1.1830108
0, 2.1948547, -2.5329237
0, 2.063683, -3.0630465
0, 2.8050709, -2.268791
0, 2.341702, -4.0919704
1, 2.6608305, -2.544852
0, 2.3726625, -2.8016214
0, 3.7196684, -2.171283
0, 3.1629825, -2.2889128
0, 2.3853278, -3.0570154
0, 2.2829762, -3.0226536
0, 2.1030922, -2.7566423
0, 2.5693269, -2.5984678
0, 2.5175118, -1.5576811
0, 2.2547688, -3.279563
1, 2.5155404, -2.0637686
0, 2.3868284, -2.6864004
0, 2.717779, -2.1994624
0, 2.2220106, -2.6339235
0, 2.6544356, -2.1864233
0, 2.4686694, -3.1041038
0, 2.89757, -2.9486637
0, 2.3010993, -3.1077623
0, 2.219368, -2.0546715
0, 2.0087223, -2.7845037
0, 2.7349439, -2.9891286
0, 3.2122657, -3.359636
0, 3.3847237, -2.1399066
0, 1.4882975, -2.9112425
0, 2.2624304, -2.5515962
0, 2.2946997, -2.2910693
0, 2.369043, -2.93047
0, 2.4238915, -2.7999163
0, 2.0592694, -3.151067
0, 2.0554068, -2.1636136
0, 2.1295002, -2.9787169
1, 2.5236828, -1.8270451
0, 4.476597, -1.0610496
0, 1.891424, -3.2428353
0, 1.9312794, -3.7610407
0, 2.6250942, -2.7349265
0, 1.9775229, -2.496314
0, 3.3139105, -1.9050955
0, 2.293005, -2.708018
0, 2.4802675, -2.1508904
0, 3.226428, -2.4796817
0, 2.492074, -2.4557528
0, 2.0880547, -2.9143336
0, 3.3022406, -3.3024702
0, 3.7422233, -3.0314288
0, 1.890986, -4.0478024
0, 2.2556372, -2.3576217
0, 1.2749399, -3.061597
0, 1.9492223, -3.2030444
0, 1.6163485, -3.2023966
0, 1.9974942, -2.8116722
0, 2.3244133, -2.875478
0, 2.5407367, -2.473662
0, 3.0309167, -2.0796967
0, 1.8113952, -4.2848477
0, 2.1781018, -3.2581735
0, 2.067015, -3.408878
0, 1.8261312, -2.7463663
0, 2.890555, -1.8698218
1, 2.140301, -2.7807293
0, 3.8289125, -1.7872341
0, 3.7617128, -1.7485111
0, 3.1816165, -2.5833855
0, 2.0826077, -2.6013892
0, 2.7415104, -2.9253938
0, 2.7480507, -2.0022292
0, 3.4352489, -3.6646466
0, 2.3431416, -2.8670602
0, 4.3091683, -1.3111818
0, 2.5816941, -3.040624
0, 2.3845704, -2.5230598
0, 2.451343, -2.348807
0, 1.9903743, -2.7928295
0, 2.4024372, -2.0676808
0, 2.442904, -3.0716176
0, 2.0958219, -2.457143
0, 3.3463035, -1.769091
0, 2.0566876, -3.0263312
0, 2.0232384, -3.1696641
0, 2.382062, -2.5327113
0, 3.3891444, -2.9632144
1, 2.4077914, -2.7467234
0, 2.6005037, -2.6656015
0, 2.4123077, -3.3754191
0, 2.295603, -2.9976897
0, 2.06811, -3.039393
0, 3.1531072, -1.55423
1, 2.315429, -3.1041412
0, 2.022715, -2.8466833
0, 2.18471, -3.261975
0, 2.4817624, -3.8024702
0, 2.3632379, -2.7345684
0, 2.0368514, -3.1166587
0, 2.2520924, -2.9062607
0, 2.0557954, -3.4592319
0, 2.9244711, -2.3394089
0, 2.460761, -2.0852597
0, 2.049251, -3.3123803
0, 2.743479, -2.829849
0, 3.2837253, -2.6836486
0, 2.9039495, -2.4778392
1, 3.0310903, -1.7032869
0, 1.9787576, -2.4657438
0, 3.1746244, -2.4373286
0, 2.1218364, -2.854449
0, 1.6221058, -2.5645025
0, 2.1184196, -2.9725022
0, 3.6430852, -1.9121847
0, 1.8806612, -2.6777742
0, 2.2951994, -2.1610599
0, 2.6460838, -2.095077
0, 2.1930604, -1.7774669
0, 2.3624337, -3.0239022
0, 2.1636312, -2.6891258
0, 2.2696643, -3.4440565
0, 2.3089554, -2.581355
0, 2.4604461, -3.152863
0, 3.157761, -2.8150713
0, 2.190123, -3.0227308
0, 1.7817044, -2.3963249
0, 2.205104, -3.4713902
0, 1.8133339, -2.5621035
0, 2.9933076, -2.3708255
0, 2.366856, -2.943612
0, 3.3282266, -2.7193575
0, 2.8421917, -2.8811982
0, 2.291874, -2.5787678
0, 2.3079574, -2.629382
0, 2.0952516, -2.6764464
1, 2.5682895, -2.286233
0, 2.5094688, -2.8225033
0, 2.857147, -2.0718932
0, 3.1178136, -2.8044038
0, 2.0014882, -3.5537589
0, 2.253714, -2.9553418
0, 2.4133532, -2.9220512
0, 1.8658451, -3.4394112
0, 2.7016926, -1.567029
0, 3.4459012, -2.6888268
0, 2.4803665, -2.609301
0, 2.7587981, -2.856903
0, 2.3073208, -2.2896376
0, 2.3804255, -2.8403907
0, 1.6120617, -2.814047
1, 2.275404, -1.6299655
0, 3.076045, -2.8440032
0, 2.1334627, -2.9982247
0, 2.3856149, -3.2796144
0, 2.1657438, -2.9753926
0, 2.9957237, -1.6092731
0, 2.205165, -2.2248807
0, 2.0289054, -2.79741
0, 2.3507385, -2.947401
0, 2.3227313, -2.804744
0, 2.9466023, -2.784487
0, 3.165802, -2.8486912
0, 2.5104742, -2.5632634
0, 2.7366595, -2.9335132
0, 3.4353828, -2.1025004
0, 2.6460688, -2.533175
0, 2.0615609, -3.2046585
0, 1.7160603, -3.3159003
0, 1.8919172, -2.9202576
1, 2.2165585, -2.9559646
0, 1.8095694, -3.434249
0, 1.65208, -3.622658
0, 3.892189, -1.9115791
0, 2.2753558, -3.1615849
0, 3.4560547, -2.0632172
0, 2.3676658, -2.88699
0, 1.878122, -2.8907816
1, 2.3454437, -2.5329833
0, 3.1132078, -2.834715
0, 2.2450747, -3.1973808
0, 2.6085997, -3.0138593
0, 2.091062, -3.2670226
0, 2.1021338, -2.9262938
0, 2.534226, -3.2996228
0, 1.9262013, -2.8790379
0, 2.358932, -2.7232823
0, 2.178376, -1.9728183
0, 2.591138, -2.4984982
0, 2.2667227, -2.5658693
0, 2.309049, -2.2450104
0, 2.197846, -2.7398098
0, 2.09846, -3.1824617
0, 2.3844998, -2.6552367
1, 3.2887897, -1.1304106
0, 2.1395211, -2.93257
0, 2.6625893, -2.246724
0, 2.3245745, -3.4493668
0, 2.88153, -1.9116709
0, 1.763528, -2.985581
1, 3.3424816, -2.5540104
0, 1.8148031, -3.6388857
0, 1.7564924, -2.4732697
0, 3.6725473, -1.7055539
0, 2.8570528, -2.8304513
0, 2.7514138, -2.5443332
0, 2.2845345, -2.567423
0, 2.3344913, -3.2002254
0, 3.033328, -1.9584665
0, 1.902183, -3.3424878
0, 1.6502957, -2.596113
0, 3.894483, -1.8830303
0, 2.2408793, -3.1538126
0, 2.771101, -2.3654957
0, 1.5391896, -2.846353
0, 3.652865, -2.5123246
0, 2.0523076, -2.8214936
0, 2.5822477, -2.8777194
1, 2.813473, -1.87814
1, 3.2164226, -1.7100679
0, 2.1005266, -3.2750287
0, 2.531663, -2.3433993
0, 1.9769735, -2.802698
0, 2.1828103, -3.196998
0, 2.2413104, -3.4540298
0, 2.7529402, -2.3822875
0, 2.6736233, -2.7813842
0, 2.3047771, -2.5787234
0, 2.444073, -3.0586812
0, 2.1567779, -2.595959
0, 2.261744, -3.3708954
0, 1.9682211, -2.0771036
0, 2.3252575, -3.543384
0, 2.2335587, -2.6377478
0, 2.6472216, -2.4549618
0, 2.2069573, -3.4942434
1, 2.4220412, -1.7211853
0, 3.2014663, -2.1072838
1, 3.7668195, -1.9309995
0, 3.0201154, -2.1942818
0, 3.7664218, -2.065393
0, 1.9494126, -3.1712003
0, 1.6905602, -2.7644856
0, 2.69191, -2.1501112
0, 2.8508945, -2.1567411
0, 1.9567492, -2.1680562
0, 3.4881923, -2.1659348
0, 3.0578446, -2.1687412
0, 2.610535, -3.5787044
0, 4.282918, -1.4939518
0, 2.6184797, -2.5358627
0, 2.4651742, -3.2623022
1, 2.6682186, -2.1499498
0, 2.7174385, -2.667558
0, 3.0334845, -2.4405947
0, 2.1907625, -3.1700404
0, 2.641493, -2.366949
0, 3.0736098, -1.9393224
0, 2.544271, -3.1026578
0, 2.3801708, -2.9346185
0, 2.5896077, -3.8124182
0, 1.8060877, -3.0900586
1, 3.0138106, -1.7756443
0, 3.0010755, -3.5235038
0, 2.2826724, -2.7643092
0, 3.2060356, -3.4122825
0, 4.1746235, -2.016932
0, 3.0179243, -2.4436612
0, 3.4969108, -1.1787283
0, 2.8368685, -2.66872
0, 2.3639724, -3.2591803
0, 2.613202, -2.6807716
0, 3.6282568, -2.170773
0, 1.9305665, -3.125993
0, 3.92204, -1.251312
0, 2.046598, -2.7993052
0, 2.106225, -3.0034132
1, 4.3178334, -0.9100733
0, 1.7720084, -3.7578292
0, 2.4893174, -3.0543487
0, 3.7782972, -2.4737592
0, 2.9552817, -3.2743487
0, 2.6797676, -2.9041083
0, 3.5532413, -2.82781
1, 2.2587757, -2.8836083
0, 2.97997, -2.6823065
0, 2.9160888, -2.675833
0, 1.5148462, -3.0174327
0, 3.0072498, -2.8275805
0, 2.7171834, -1.4105258
0, 2.8013465, -2.7022054
0, 2.5101378, -3.08066
0, 2.207555, -2.5438342
0, 4.2288513, -1.6463156
0, 2.3914697, -2.753398
0, 1.8662192, -2.9061499
0, 1.4805665, -3.2548146
0, 2.2546885, -2.6189451
0, 2.4157095, -2.877572
0, 4.2763553, -1.87423
0, 2.172286, -2.6910224
0, 3.361008, -2.451909
0, 3.5658422, -2.950874
0, 1.9691298, -3.1950123
0, 2.405076, -3.0258455
0, 2.3462448, -2.5261035
0, 2.1363354, -2.904718
0, 2.1565866, -2.732202
0, 2.886922, -2.5361073
0, 2.3028607, -3.3865895
0, 2.0366101, -2.706325
0, 3.2516236, -1.7734888
0, 2.2814658, -2.9614985
0, 2.70445, -2.496454
0, 2.1928082, -2.1160274
0, 2.6387486, -2.655221
0, 2.3722713, -2.77091
0, 2.940861, -3.1655648
1, 2.7965207, -2.8649497
0, 2.4578195, -2.4476612
0, 1.8331549, -2.2849338
0, 2.2316718, -2.9476228
0, 3.1639307, -2.1936073
0, 2.7962687, -3.1206388
0, 2.926394, -1.4875742
0, 3.7217975, -2.424293
0, 2.4898427, -2.9087698
1, 2.090752, -2.1272292
0, 2.1204035, -2.7316606
0, 2.6429071, -1.6328468
0, 2.2378874, -2.4177077
0, 2.2769332, -3.3083332
0, 2.5221517, -2.445395
0, 2.6634312, -3.1137638
0, 3.5580387, -2.8892708
1, 2.3037653, -2.5060306
0, 2.1602256, -2.8157327
0, 2.8137054, -2.5972207
0, 1.7760397, -3.377569
0, 2.6249166, -2.5351813
0, 2.5793972, -2.9351332
0, 3.6146185, -3.0400186
0, 2.3729913, -2.6727245
0, 2.351379, -2.7952867
0, 2.603243, -3.2138424
0, 2.629479, -2.5774915
0, 2.091977, -2.6814497
0, 1.5763025, -2.6258612
0, 3.2996266, -3.0923812
0, 1.9580092, -3.2590942
0, 1.5593678, -3.20116
0, 2.43188, -3.435864
0, 2.1586719, -2.283824
0, 3.383183, -2.0346692
0, 2.2899342, -3.0504117
0, 1.9195551, -3.2461355
0, 3.0525017, -2.3354325
0, 4.1322756, -1.2247788
0, 1.9774884, -2.8652036
0, 2.6175385, -3.1948578
0, 3.0187602, -2.2597444
0, 1.7775011, -3.2484572
0, 2.5368228, -2.4723969
0, 2.4099066, -3.3714883
0, 3.1622858, -2.534616
0, 2.2707088, -1.8543495
0, 1.5317436, -1.3711834
0, 2.6161852, -3.3274143
0, 2.208498, -2.0665877
0, 2.1864185, -2.3321166
0, 2.6270864, -2.9141605
0, 2.6141098, -2.6757364
0, 2.5264297, -2.978128
0, 1.8447307, -3.3329203
0, 2.5601728, -2.707135
0, 2.5736532, -2.0847783
0, 2.2676456, -2.4136572
0, 2.2067666, -1.9429169
0, 3.2089539, -1.927731
0, 2.500318, -3.1151876
0, 3.4121861, -2.0510375
0, 1.9974871, -2.7338784
0, 2.2337859, -2.9302237
1, 2.3167872, -2.5195463
0, 2.2609324, -2.9050014
0, 2.4900715, -2.9507904
0, 2.5830426, -2.7396114
0, 2.7374225, -2.6369376
0, 3.391518, -2.540263
0, 1.57864, -2.9715507
0, 2.4898112, -2.117214
0, 3.4006705, -2.524616
0, 2.8503923, -2.279699
0, 2.8260164, -3.20959
0, 3.359241, -2.8311324
0, 3.143807, -3.0241811
0, 2.8889189, -3.3389754
0, 2.444588, -2.3813844
0, 2.739095, -2.1049151
0, 2.5069509, -2.7259576
0, 1.4775485, -3.6381848
0, 2.582622, -2.7477298
0, 2.1577647, -3.3418896
0, 2.928515, -2.651473
0, 1.9757688, -2.6427317
0, 2.345076, -3.1394935
0, 3.1948647, -2.4191215
0, 2.2547026, -2.674106
0, 2.3284497, -3.1879253
0, 2.0693498, -2.6344216
0, 1.7340666, -2.7392795
0, 2.4787736, -3.068468
0, 2.7384946, -2.289154
0, 2.026887, -3.0276608
0, 2.1465657, -3.2593274
0, 1.9538733, -3.1672058
0, 1.8908089, -2.7279115
0, 2.0628304, -2.6489494
0, 1.9735864, -3.2089221
0, 2.0766144, -2.8720164
1, 2.3907218, -2.4242668
0, 2.40289, -3.3598156
1, 3.8519526, -1.9602188
0, 3.4147067, -3.648587
0, 3.125142, -2.3627317
0, 2.5904903, -2.1929677
0, 2.9465125, -2.2826757
0, 2.3224595, -2.9583495
0, 2.5548286, -2.953673
0, 2.6082692, -2.5410903
0, 2.867186, -2.499364
0, 2.4685838, -2.1127753
0, 2.7473483, -2.1174567
0, 1.7503316, -3.5979917
0, 3.0212414, -2.607521
0, 2.2530065, -2.8012862
0, 2.2892342, -2.7442977
0, 2.0578241, -3.0445147
0, 3.1417413, -2.3572984
1, 2.1589208, -3.4077637
0, 2.6249015, -3.1818442
0, 1.9806185, -2.9270842
0, 1.7489341, -2.5289104
0, 2.2100928, -3.5125508
0, 2.677274, -2.8623765
0, 3.3151734, -3.0171044
0, 2.8518572, -2.8550482
0, 1.7827646, -3.0336914
0, 2.3937836, -2.8837295
0, 2.30914, -2.9762228
0, 3.0324683, -2.9729986
1, 2.138959, -2.349806
0, 1.8752918, -3.2203727
0, 2.5657496, -3.1410456
0, 2.4381027, -2.2298543
0, 4.0477185, -1.5226989
0, 2.2011724, -3.5809298
1, 2.0145793, -3.0954993
0, 1.9624593, -2.9399552
0, 2.4920492, -2.6302874
0, 1.2775935, -3.3879972
0, 2.2230685, -2.7737377
0, 2.3453677, -2.3061886
0, 3.0192924, -2.3462665
0, 2.5464473, -2.4686308
0, 2.4015996, -1.9829752
0, 2.2500067, -3.1418462
0, 2.0778809, -2.7402172
0, 2.5476682, -2.6264224
0, 2.1765683, -3.021267
1, 3.2574747, -0.8876883
0, 2.0781157, -2.7964985
1, 3.024094, -2.2371416
0, 2.393351, -2.9061966
0, 2.2355318, -2.727059
0, 1.7807305, -3.3955297
0, 1.8930281, -3.0792813
0, 2.1123903, -3.1655207
1, 2.194171, -2.8299587
0, 2.2658224, -3.12786
0, 3.8855493, -2.5000694
0, 2.3663461, -3.023213
0, 2.251795, -2.9973762
0, 2.5177603, -2.6542723
0, 2.0952578, -3.0566568
0, 2.9049768, -2.4866338
0, 2.8338008, -2.1544542
1, 1.8046528, -2.0294652
0, 2.880479, -2.9276087
0, 1.8644556, -3.7744691
0, 2.0433798, -2.5730844
1, 2.6127772, -2.3902135
0, 2.6892943, -1.5952839
0, 2.6569114, -2.999831
0, 2.1153154, -2.6009753
0, 2.9716816, -3.0612078
0, 2.9490128, -2.517885
0, 2.573683, -2.0104752
0, 2.5732675, -3.1830046
1, 1.8884436, -2.1930294
0, 2.3848689, -2.4094975
0, 2.8869123, -3.2478833
0, 2.7474833, -2.619819
0, 2.2580688, -2.4464262
0, 1.70611, -3.3956556
0, 2.1769686, -2.9847662
0, 2.5852013, -3.104011
0, 2.288766, -2.602764
0, 2.146772, -2.651969
0, 2.4741015, -2.3918593
0, 2.4312062, -2.85279
0, 2.3539119, -3.4545302
0, 2.4820096, -3.6583118
0, 2.0416126, -2.9656084
0, 2.6957483, -2.703528
0, 2.376422, -3.143952
0, 2.2459579, -2.109761
0, 2.075396, -2.5089145
0, 2.7795062, -2.3158238
1, 2.2968864, -1.8183649
0, 2.3172817, -3.5559146
0, 2.597814, -3.272181
0, 3.1927588, -2.184706
1, 3.1383784, -1.1256602
0, 1.9277812, -2.5738444
0, 2.098932, -3.1406033
0, 2.747798, -2.2125945
0, 1.6616982, -2.5847986
0, 2.6612537, -2.5257626
0, 3.421242, -2.0641217
0, 3.1490183, -3.0803611
0, 3.1096609, -1.8975751
0, 2.0276203, -3.0323265
0, 3.1600497, -2.4625428
0, 1.886056, -3.027103
1, 2.4178834, -2.462768
0, 1.2003369, -3.7804587
1, 2.2447498, -3.0676098
0, 1.5664964, -3.9503667
0, 2.415879, -2.4052312
0, 1.7595927, -2.2128165
0, 2.3274677, -2.8782718
0, 1.4503126, -3.0071228
0, 3.7364259, -1.594508
0, 3.112036, -2.414561
0, 2.6156783, -3.1811233
0, 2.1177883, -2.930591
0, 3.6337154, -1.6398512
0, 2.202931, -2.9344625
0, 1.9389114, -2.8824086
0, 1.7690026, -2.6207695
0, 2.0100586, -3.389504
0, 2.26012, -3.1774063
0, 3.1719878, -2.4430764
0, 2.223987, -2.5841959
0, 2.7087371, -2.2089357
0, 2.7155547, -2.8127623
1, 3.4150794, -2.0446625
0, 2.3922746, -2.5692015
0, 2.034506, -3.4069154
0, 2.4844575, -2.1722362
0, 2.4401803, -1.8592256
0, 2.4903114, -2.8122833
0, 3.4954906, -2.1314945
0, 2.1931067, -2.797651
0, 2.239513, -2.9771001
0, 2.6801817, -2.325467
0, 2.3128042, -2.778484
0, 2.0054874, -2.4418602
0, 2.0574455, -3.3787377
0, 3.6874528, -1.6530308
0, 2.4172442, -2.580997
0, 2.4054418, -2.806389
0, 1.5860761, -2.1307585
0, 2.4156153, -3.062293
0, 1.3964975, -2.5248063
0, 2.8168056, -2.98099
0, 1.8244228, -3.0226898
0, 2.5954447, -3.5613847
0, 2.392494, -2.7229953
0, 1.7678463, -3.145797
0, 2.3539522, -2.8480244
0, 4.236701, -1.835269
0, 2.4346893, -1.8681033
1, 1.9102914, -2.982689
0, 3.1643088, -1.5762545
1, 2.8237607, -2.1931026
0, 2.8800359, -2.1364803
0, 2.29018, -2.815369
0, 2.5976586, -2.4989176
0, 2.6759431, -3.5155146
0, 2.051464, -2.7098482
0, 2.1440372, -3.0589895
0, 2.1818047, -2.6035733
0, 3.321079, -2.144474
1, 1.961052, -2.4554744
0, 2.1830356, -1.9475038
0, 2.2397733, -2.794305
0, 2.660261, -2.5356076
0, 2.469348, -2.8303308
0, 2.3719053, -2.6616602
0, 1.8170174, -2.9290206
0, 1.9325867, -2.9476264
0, 2.2120874, -3.38404
0, 2.2239032, -2.802804
0, 2.3167424, -2.216252
0, 2.938826, -2.4920382
0, 2.4267912, -2.9614162
0, 3.5003796, -1.7252096
0, 1.9757975, -2.6187184
0, 2.658195, -3.3857784
0, 3.626121, -2.2567449
0, 2.1437476, -2.820723
0, 2.221693, -2.4881291
0, 2.2350674, -3.2046635
1, 3.0517263, -1.8703821
0, 2.1008646, -3.144413
0, 2.4757955, -2.7988372
0, 2.298827, -2.8274868
0, 2.1351664, -3.1083596
0, 1.695802, -2.896756
0, 3.099525, -2.250246
1, 2.5949535, -2.5379074
0, 4.3483953, -1.2257494
0, 1.896257, -3.6138024
0, 1.5958915, -3.3205805
0, 1.9243548, -2.4645383
0, 2.4776833, -2.5966957
1, 2.638351, -1.858673
0, 2.4993825, -2.7004416
0, 2.0089803, -2.3232331
0, 2.3323002, -2.6635306
0, 3.1144729, -2.6127005
1, 2.5688806, -2.2549977
0, 2.28317, -2.8217382
0, 2.360675, -2.9649665
0, 1.9054852, -3.3209877
0, 2.3104265, -2.84343
0, 2.895705, -2.7652025
0, 1.9290333, -3.0292048
0, 2.367241, -2.3976493
0, 2.1800122, -2.9479175
0, 1.9658575, -2.7201846
0, 2.6688585, -2.6897306
1, 2.68629, -1.8163282
0, 2.1421094, -1.9641167
0, 2.5933795, -1.4890044
0, 2.2368164, -2.6733165
0, 2.5261588, -2.5270057
0, 2.427389, -3.0098214
0, 2.26564, -2.4874434
0, 3.1650243, -1.6123635
0, 2.324335, -2.3404894
0, 1.377539, -3.3222888
0, 2.5197892, -2.5724387
1, 2.6563141, -2.4853137
1, 2.666435, -2.4405959
0, 2.0874777, -3.0988626
0, 2.9170372, -2.8284051
0, 2.6608708, -3.3337615
0, 2.227356, -2.8012261
0, 2.4733012, -3.112129
0, 2.5303013, -2.4691997
0, 3.3078694, -2.0937345
1, 3.0188916, -1.1944453
0, 3.8702018, -1.4310681
0, 1.5140338, -3.1616166
0, 2.502206, -2.6874328
0, 2.00623, -3.1405568
0, 2.2764337, -3.3200881
1, 4.022373, -1.8464776
0, 2.8793032, -2.530072
0, 2.7022076, -2.572147
1, 2.2553196, -3.110203
1, 2.6894765, -2.3379724
0, 2.6080856, -2.3251038
0, 2.848164, -2.763225
0, 3.6272388, -3.15446
0, 2.1498973, -2.55858
0, 3.2316175, -2.6353674
0, 2.2324064, -2.5670536
0, 2.5667293, -2.7484982
0, 2.5829659, -2.851145
0, 2.7752526, -3.402667
0, 3.132344, -1.486661
0, 3.0514865, -2.3352356
0, 3.0569303, -2.0597048
0, 2.0866117, -3.464597
0, 3.6856248, -2.3251584
0, 2.3034, -2.6558611
0, 3.8363209, -1.7480724
0, 1.7508578, -3.0467966
0, 2.3403401, -2.8100095
0, 3.586814, -1.1248432
0, 3.1069674, -2.477088
0, 2.190211, -3.471058
0, 2.5396042, -2.386959
0, 1.8080709, -3.075204
0, 2.1693254, -2.5481293
1, 2.2039664, -2.3920498
1, 1.953604, -2.6947165
1, 2.3614788, -2.545344
1, 1.8959005, -3.6897337
0, 2.2644007, -2.582883
0, 3.5886106, -1.858488
0, 4.0827637, -1.7325126
0, 2.3587232, -2.500095
1, 3.845746, -2.0559576
0, 2.1354277, -2.322607
0, 2.5078163, -2.9828668
1, 2.0605514, -3.1104043
0, 1.92306, -2.5151215
0, 2.856241, -2.4010959
0, 2.4525652, -3.2807796
0, 2.2191415, -3.3609056
0, 2.181794, -3.4136481
0, 3.1424432, -3.479825
0, 2.5488224, -3.145818
0, 2.3156538, -2.6615417
0, 3.4766052, -1.0271792
0, 3.6361775, -2.691786
0, 2.2663743, -1.8004346
0, 2.2781868, -3.5429192
0, 2.2395084, -2.9410257
0, 2.2243676, -3.098696
0, 2.1248312, -2.8049207
0, 2.3082647, -2.5224457
0, 2.6977978, -2.051824
0, 2.1159616, -3.0891368
0, 2.898358, -1.9944564
0, 2.584508, -3.006466
0, 2.266117, -2.8657346
0, 2.102281, -2.715164
0, 2.8130708, -1.836923
0, 2.18628, -2.9415379
0, 2.7045093, -2.745654
0, 1.6976862, -2.9089735
0, 2.3621368, -2.877232
0, 2.0836253, -1.9309012
0, 2.3636875, -2.71263
0, 2.1768174, -2.9971867
0, 2.2327, -3.5320919
0, 3.3375373, -1.9892334
0, 2.7428405, -1.8009865
0, 3.437687, -2.0104187
0, 3.3944683, -1.7682567
1, 3.247816, -1.6786677
0, 2.3889587, -2.4551687
0, 3.1048813, -2.4338996
0, 2.3654323, -2.9638646
0, 2.9804893, -1.9633245
0, 2.2928004, -2.6587348
0, 1.9351829, -2.4598808
0, 1.5311184, -3.113542
0, 2.1094203, -3.1202953
0, 2.4716392, -3.082671
0, 4.602129, -1.7094015
0, 1.6212858, -2.9072323
0, 2.9254189, -2.9701998
0, 2.4550366, -2.6193075
0, 3.1684046, -1.4572755
0, 1.9914666, -2.7816858
0, 3.4961996, -2.8664005
0, 3.3159528, -2.0579016
0, 3.1135623, -2.926425
0, 1.4554005, -2.9487507
0, 2.5868783, -2.7533731
0, 1.5819266, -2.2691302
0, 2.6394558, -2.0401194
0, 2.2643218, -2.40208
0, 1.9929032, -3.07478
0, 2.357986, -2.6948624
0, 1.8038714, -2.940154
1, 3.3325312, -2.0056791
0, 2.6821923, -2.7782667
0, 3.125959, -2.004565
0, 2.764532, -2.332194
0, 2.934498, -2.0856647
0, 2.4243, -2.646315
0, 2.019886, -2.804896
0, 2.1991467, -3.1774592
0, 1.8968506, -3.058383
0, 3.3439093, -1.5032488
0, 3.459077, -2.5390458
1, 2.9627318, -1.3960862
0, 2.6955495, -2.7404556
0, 1.9562771, -3.013595
0, 2.2059858, -3.4321837
1, 3.4321315, -0.7578955
0, 2.472945, -2.1909738
0, 3.3752923, -3.4021983
0, 3.33223, -2.0388203
0, 2.8371532, -2.1264
0, 1.7299864, -3.6934521
1, 2.4897733, -1.5062896
0, 2.590766, -2.9804816
0, 3.6026711, -1.6453522
0, 2.7681909, -3.0667772
0, 1.9311639, -2.2589111
0, 2.002377, -2.6517856
0, 2.2013657, -2.0398862
0, 2.7517047, -2.296158
0, 2.285344, -2.986434
0, 1.206597, -3.2986226
0, 2.4585452, -2.2796934
0, 3.3218305, -2.4500897
0, 2.3855991, -2.9238882
0, 4.6019964, -1.93532
0, 2.2794034, -2.6018944
0, 2.4610023, -3.0548704
1, 1.6979127, -2.2893164
0, 1.6981137, -3.184589
0, 2.2606316, -3.7013962
0, 2.5911396, -1.9927051
0, 2.0253668, -2.7908463
0, 2.2542794, -2.9455924
0, 2.0969584, -2.2294953
0, 2.5701494, -2.5275898
0, 3.7833068, -1.6069028
0, 3.159646, -2.3509161
0, 2.1835268, -3.0311494
0, 2.7725973, -2.962356
0, 2.4578545, -2.9716673
0, 3.7230027, -2.0106063
1, 1.9839089, -3.327692
0, 3.0260763, -2.4404724
0, 2.6967504, -3.5500834
0, 3.0144005, -1.5345117
0, 2.3956885, -3.4287775
0, 3.215272, -2.6581607
0, 3.4463258, -2.061618
0, 3.623424, -2.0456667
1, 2.724111, -2.3831408
0, 2.974677, -1.9798332
0, 3.3893483, -2.090464
0, 2.414058, -3.1342628
0, 2.9285035, -1.7907965
0, 2.543689, -2.9702191
0, 2.7313046, -1.0285207
0, 2.337595, -2.7444732
1, 2.314969, -1.437039
0, 1.4539654, -3.3506594
0, 2.3031611, -2.9071808
0, 2.6539905, -2.0119956
0, 2.170225, -3.0386531
0, 2.571054, -2.7653687
0, 2.5551121, -3.054517
0, 2.7398946, -3.9941854
0, 2.1232314, -2.9908502
0, 2.4347582, -3.1569018
0, 1.8544034, -3.777101
0, 3.205912, -1.8799472
1, 2.386564, -2.7290795
0, 1.5639309, -2.9164896
0, 2.6804295, -2.3332853
0, 2.7861528, -2.168418
0, 2.2909102, -3.1721475
0, 2.1625826, -2.3824053
1, 2.4247653, -2.6856828
0, 2.7350092, -4.039054
0, 5.2841415, -0.7331568
0, 3.7642927, -2.7976744
0, 3.503067, -2.1418478
0, 2.7940526, -1.98232
0, 2.442205, -3.2018218
0, 1.924061, -2.9342847
0, 2.6225, -2.7637498
1, 1.9236624, -2.6216192
0, 2.4817944, -1.841425
0, 2.3789434, -2.1884055
0, 2.3252513, -2.9875078
0, 2.1155653, -3.1324272
0, 2.205394, -2.6124713
0, 2.2209873, -2.9734864
0, 2.457364, -2.4076426
0, 3.3588626, -2.1567051
0, 2.5851128, -2.5557427
1, 2.7649965, -1.8121601
0, 2.8186939, -2.5116045
0, 2.357059, -2.3172169
0, 2.4547236, -2.7888606
0, 3.2635221, -2.8425694
0, 2.2195745, -3.1671047
0, 2.8472369, -1.8512925
0, 2.6385634, -2.9649966
0, 2.678868, -1.9946817
0, 2.3646946, -2.7063437
0, 2.3953795, -3.5848525
0, 2.183997, -3.0754097
0, 2.8426585, -3.0521245
0, 3.0900476, -2.1252015
0, 3.1280637, -1.9365163
0, 1.9906415, -3.0972352
0, 2.2472167, -4.2077575
0, 3.7266817, -1.8587778
0, 1.8487558, -2.4093716
0, 2.2099433, -2.1959667
0, 1.9229702, -2.2183387
0, 2.4865847, -3.3529997
0, 2.627404, -2.5809367
0, 2.7140934, -2.338153
1, 1.5916858, -2.7536488
0, 2.0310884, -2.828783
1, 2.3414693, -2.5586102
0, 2.9231308, -3.08225
0, 3.4514928, -2.6927717
1, 1.5500529, -2.7899776
0, 2.4503465, -2.2813678
0, 2.4122171, -3.1205175
0, 2.4039407, -2.653069
1, 2.2690303, -2.5281482
0, 1.8020747, -2.8766696
0, 2.2718122, -2.163584
1, 2.5038266, -2.238108
0, 1.999571, -2.4047337
0, 2.349164, -2.4241214
0, 1.8310192, -2.3346076
0, 3.4709723, -2.273469
0, 3.3769462, -2.1370852
0, 1.7941947, -3.0485737
0, 2.6561098, -2.5506864
0, 2.1892722, -2.967544
0, 2.4532273, -3.208722
0, 2.9493654, -2.8996968
0, 2.4648404, -3.1712337
0, 2.2369375, -3.3606114
0, 3.9874957, -1.9589794
0, 2.0675333, -1.920795
0, 2.2429767, -3.1930788
0, 4.06124, -1.9698321
0, 2.0585399, -2.7841349
0, 2.4097052, -2.6784346
1, 2.202463, -2.6887274
0, 2.1635916, -2.5153267
1, 2.8049884, -2.388199
0, 3.6659207, -3.0445304
0, 2.7558823, -1.9500834
0, 2.9594634, -2.1768386
0, 3.2635536, -2.6756508
0, 2.5419798, -3.2672973
0, 2.6067026, -2.2653694
0, 2.272726, -2.6766098
0, 2.507441, -2.4136016
0, 3.3918428, -2.4821846
0, 2.0715632, -3.3257744
0, 3.1694212, -2.1627862
0, 2.3696377, -3.0775533
0, 2.0867524, -2.8099189
0, 1.6458621, -2.6737063
0, 1.7029065, -3.1163077
0, 2.683548, -2.39061
0, 2.058681, -3.1776414
0, 3.7312956, -2.2170007
0, 1.9345015, -3.2323413
0, 2.691083, -2.8301754
0, 2.5739028, -2.826237
0, 2.427482, -2.8487196
0, 3.0141394, -2.2974536
0, 2.8682017, -2.1128287
0, 2.2922525, -3.347779
0, 2.4515052, -2.4182885
0, 2.7365203, -2.0727496
1, 2.5490704, -2.8686652
0, 3.2888694, -2.3228285
1, 3.3991423, -2.1739128
0, 2.652532, -2.0965621
0, 2.71133, -2.405969
1, 2.2765095, -1.5166597
0, 2.006695, -3.0554986
0, 2.483154, -2.565277
0, 2.2403023, -2.3879428
0, 2.2680926, -3.1873794
0, 4.127898, -1.563207
0, 2.1287997, -2.9420166
0, 2.426351, -2.9739761
0, 2.4436238, -2.873827
0, 2.6812084, -2.4555988
0, 1.9215784, -3.6176188
0, 2.056416, -3.3519044
0, 3.0808406, -2.308254
0, 2.316091, -2.8225145
0, 2.4021935, -2.3084378
0, 3.1456492, -2.5014615
0, 2.504229, -2.2844114
0, 2.232974, -2.6726434
0, 3.405001, -2.9091697
0, 2.3362296, -2.391151
0, 2.3806999, -2.9261627
0, 2.1489005, -2.497188
0, 2.4399889, -2.7623737
0, 1.6907628, -3.5225873
0, 2.8170953, -2.3177676
0, 2.0065815, -2.8127437
0, 2.9643624, -2.2434425
0, 2.0837235, -2.8639388
0, 1.9431205, -2.0413308
0, 2.202712, -2.960732
1, 1.6803404, -2.481118
0, 1.9574664, -3.3650534
0, 2.3255553, -3.0951047
0, 2.3900428, -2.4691665
0, 2.420591, -2.8758507
0, 3.4425654, -1.6309919
0, 2.1444142, -3.3134785
0, 2.1879632, -3.000189
0, 2.2278252, -2.5975761
0, 2.5551233, -3.079645
0, 2.9323082, -1.8020151
1, 1.7914542, -2.3866522
0, 2.4104664, -2.3911238
0, 2.5366645, -2.2924845
0, 2.8010557, -2.046643
0, 2.6030958, -2.4962976
0, 2.8053014, -1.9301658
0, 2.4782758, -2.822296
0, 2.3663945, -2.6025856
0, 4.2754817, -2.3162785
0, 3.3118248, -1.9962091
0, 2.4839323, -2.9741518
0, 2.485344, -3.1830778
0, 1.7937258, -3.1014767
0, 1.7870227, -2.4622853
0, 2.426357, -2.8177466
0, 1.9600255, -2.7373335
0, 2.9624538, -3.2537959
0, 3.247739, -1.6573554
0, 2.1382532, -2.824583
0, 2.4952745, -2.1407697
0, 2.2983792, -2.894769
0, 2.1279306, -2.8860881
0, 2.2589154, -3.6119578
0, 2.1096787, -3.1093323
0, 2.5126657, -2.5410419
0, 2.2357466, -2.809348
0, 3.670778, -2.0328367
0, 2.4078236, -2.8479931
0, 3.8507662, -1.8975226
0, 2.732641, -2.6896768
0, 3.595621, -0.9698284
0, 2.2559633, -3.008775
0, 1.944857, -3.231191
0, 1.814125, -2.786174
0, 2.2052462, -2.728043
0, 2.5483394, -2.0011828
0, 3.3860638, -1.8904704
0, 3.0312705, -2.285999
0, 2.5034318, -2.9509556
0, 2.1104972, -2.0394888
0, 3.420908, -2.0749192
0, 2.0995197, -2.6096888
0, 2.24935, -3.0912464
0, 1.5119035, -2.651588
0, 1.9433563, -3.2167869
0, 1.7387319, -3.0948062
0, 2.8122373, -2.4595637
0, 2.982829, -2.5352702
0, 2.52024, -3.130586
1, 3.3884683, -1.2419475
0, 1.7450953, -3.380683
0, 2.2445588, -3.3848937
0, 2.4326756, -2.057165
0, 1.8199921, -2.7514148
0, 2.3314142, -3.462487
1, 2.6826925, -2.8019514
0, 1.6656543, -3.0572202
0, 2.4879653, -2.8863635
0, 2.5817907, -1.992265
1, 3.0103393, -2.5629642
0, 3.3173928, -1.5239329
0, 2.8703735, -1.7567632
0, 2.3479412, -2.7785718
0, 2.0465286, -3.3513553
0, 1.7826045, -3.0673265
0, 2.39227, -3.1315908
0, 2.4466057, -2.5916991
0, 2.8914385, -3.4994898
0, 4.6276913, -1.1837783
0, 2.3976152, -2.815985
0, 2.121499, -2.7775438
0, 3.904202, -1.7218032
0, 1.4631511, -3.2776356
0, 2.258027, -2.6816986
0, 1.8333294, -3.1925874
0, 2.973319, -2.353458
0, 2.4906955, -2.9581795
0, 2.1644292, -2.3269985
0, 2.0251594, -3.275393
0, 2.5512884, -2.8028982
0, 3.9177475, -1.5193787
0, 2.4696188, -3.2118022
0, 2.5368848, -2.6962752
0, 2.2762265, -2.8582835
0, 1.8487796, -2.5299683
0, 2.0494318, -1.7662585
0, 2.0030642, -3.3834379
0, 2.1594124, -2.8403451
0, 3.0946195, -2.4297342
0, 2.9780571, -3.320958
0, 2.884496, -3.1327462
0, 2.0767016, -3.1013396
0, 2.833847, -2.757353
1, 3.4176998, -2.6597726
0, 2.185893, -2.5459857
0, 2.816039, -3.4960902
0, 3.0576856, -1.6102849
0, 2.670175, -2.508337
0, 1.7198583, -3.5573444
1, 2.5084682, -1.5774524
0, 2.501563, -2.4232292
0, 1.9483817, -3.1321712
0, 1.87272, -2.9849854
0, 3.7271302, -2.3481843
0, 2.3112452, -2.7249455
0, 1.8117352, -2.679729
0, 2.9659286, -3.1310046
0, 1.438754, -3.2434635
0, 3.142089, -2.523781
0, 2.238608, -2.2244046
1, 2.6943054, -2.336244
0, 2.6436143, -2.1402936
0, 2.462154, -3.0550926
0, 2.44372, -3.2428184
0, 3.3237655, -3.0388134
0, 3.6112247, -1.4088564
0, 2.4838383, -3.4564831
1, 2.088057, -2.2849727
0, 2.352511, -2.5641
0, 2.4407997, -2.9143872
0, 2.5234354, -1.8081287
0, 1.7321621, -1.7099016
0, 2.414459, -3.1419075
0, 2.8797295, -3.0515523
1, 2.26374, -3.2418122
0, 2.257153, -3.383067
0, 2.1822097, -3.4386518
0, 2.7431302, -3.0605986
0, 2.055592, -3.076244
0, 3.0266929, -2.8587627
0, 1.8145487, -2.833297
0, 1.9076865, -3.0074928
0, 2.105939, -2.9012456
0, 2.6601386, -2.2160425
0, 3.5542393, -2.5537589
0, 2.3585176, -3.0952058
0, 2.1066449, -2.646771
0, 2.496513, -3.2829185
0, 1.767177, -3.1147628
0, 2.6503356, -1.9865193
0, 1.8408244, -1.9796157
0, 2.4139004, -2.7700615
0, 3.110234, -2.6548262
0, 2.6392457, -2.5155911
0, 2.296893, -3.0907912
0, 3.513211, -1.5135676
0, 3.8575459, -0.85347736
0, 2.6762502, -2.9413788
0, 2.4101865, -2.5157647
0, 3.019567, -2.4516869
0, 2.6883426, -2.510997
0, 2.63756, -2.8094146
0, 2.9991083, -1.9358764
0, 1.9201075, -2.9079797
0, 2.7928972, -2.7531447
0, 2.8148298, -2.1537201
0, 2.3641658, -2.6424122
0, 1.5161006, -2.349081
0, 2.2691908, -2.8688676
0, 2.2729442, -3.0295875
0, 3.8316069, -1.7915576
0, 3.1203787, -1.8299632
0, 2.752845, -2.8067029
0, 2.7383053, -2.9762278
0, 3.326851, -1.9594549
1, 2.3255577, -2.8096201
1, 3.3365717, -1.7299547
0, 1.9174548, -3.9457562
0, 1.8898588, -2.8923595
0, 2.7945569, -2.8791025
0, 3.07417, -2.2823524
0, 1.7894957, -3.104872
0, 2.2027092, -2.6310778
0, 2.3109314, -2.9205751
0, 2.135529, -3.2648284
0, 2.8422427, -2.9468758
0, 4.0340652, -1.7621051
0, 2.3153274, -3.2499063
0, 2.6457832, -2.5312438
1, 2.5687337, -2.571883
0, 2.2340326, -2.7847705
0, 2.8852, -2.4667475
0, 2.166108, -2.1541216
0, 2.4745817, -2.718387
0, 2.4431052, -2.7608266
0, 2.4771812, -2.528408
0, 2.050076, -2.8398235
0, 2.5917072, -2.4771786
0, 3.0626216, -1.544259
0, 1.6887493, -3.755855
0, 2.8282633, -2.2037127
0, 2.1257548, -2.8422635
1, 2.6644878, -2.3825037
1, 3.4242456, -2.006316
0, 3.3373675, -1.9409033
1, 2.3033557, -2.9152052
0, 1.5372691, -3.0702882
0, 2.9717488, -2.6860259
0, 1.8782471, -2.5771775
0, 0.9956681, -3.0921535
0, 2.2874827, -3.5844
1, 2.867483, -1.7920554
0, 2.5011997, -1.414644
1, 3.172163, -3.1944869
0, 3.6996763, -2.0498962
0, 2.2382693, -2.508744
0, 3.1024747, -2.5530791
0, 2.5149364, -2.784779
0, 2.9567013, -2.2870457
0, 3.5477905, -2.1204352
0, 1.9979112, -2.5396612
0, 2.4740834, -2.5820804
0, 2.251699, -2.668441
0, 2.4240007, -2.9057314
1, 2.3501945, -3.241966
0, 1.4479148, -3.4930897
0, 1.7214001, -2.1120539
0, 2.2024484, -2.947489
0, 2.2216597, -2.772137
0, 2.9492328, -3.0974588
0, 2.3097818, -2.7443151
0, 3.2206655, -2.021036
0, 2.07023, -3.3348684
1, 2.9272318, -1.5701498
0, 1.918424, -3.4037738
1, 2.560533, -2.6708941
0, 2.5294695, -2.6865776
0, 2.0287778, -2.4369187
0, 2.6716723, -3.3675933
0, 2.3826513, -2.0758233
0, 1.479902, -2.3710856
0, 1.6934843, -3.116253
1, 2.903922, -2.4252448
0, 1.8273416, -3.077457
0, 2.4508584, -2.9547095
1, 1.994322, -2.6785665
0, 2.2702742, -2.278476
0, 2.413643, -2.2151568
0, 2.134218, -2.8698523
0, 2.2847188, -2.3000598
0, 1.7860339, -2.8962374
0, 2.016921, -2.389705
0, 3.1230593, -2.1703293
1, 2.5885735, -2.4478831
0, 2.6569705, -2.93951
0, 2.3583527, -2.6170993
0, 1.986954, -2.7736392
1, 2.0054076, -2.9252431
0, 3.1591914, -2.2729018
