class,prediction,predicted_class
0, 9.99975146e-01,0
0, 0.99021184,0
0, 0.94511643,0
0, 9.99606827e-01,0
1, 0.0043475,1
0, 0.92556953,0
1, 0.22241621,1
0, 9.99832192e-01,0
0, 0.91272647,0
1, 0.0121596,1
0, 0.99231476,0
0, 0.99535087,0
0, 9.99212026e-01,0
0, 9.99879127e-01,0
0, 0.68945595,0
0, 9.99592973e-01,0
0, 0.99873376,0
0, 0.9895607,0
1, 0.991446,0
0, 0.9949109,0
0, 0.71482595,0
0, 0.97520867,0
0, 0.95660424,0
0, 9.99928894e-01,0
1, 0.28315814,1
0, 0.99335374,0
0, 9.99895172e-01,0
0, 0.99819111,0
0, 0.95829779,0
0, 9.99075153e-01,0
0, 9.99630555e-01,0
0, 9.99913846e-01,0
0, 0.99505095,0
0, 0.93946605,0
0, 9.99991690e-01,0
0, 0.99802347,0
0, 0.94936403,0
0, 9.99396938e-01,0
0, 9.99553953e-01,0
0, 0.97704021,0
0, 9.99993515e-01,0
0, 9.99983964e-01,0
0, 9.99126468e-01,0
0, 0.99825447,0
0, 9.99066969e-01,0
0, 9.99601254e-01,0
0, 9.99830481e-01,0
0, 0.99681837,0
0, 9.99718638e-01,0
1, 0.06415514,1
0, 0.99328334,0
0, 0.99766221,0
0, 9.99997489e-01,0
0, 0.98953563,0
0, 9.99997952e-01,0
0, 0.99679495,0
0, 9.99990771e-01,0
0, 9.99925042e-01,0
0, 9.99199817e-01,0
0, 9.99999844e-01,0
0, 9.99467554e-01,0
0, 0.95600895,0
0, 0.99483759,0
0, 9.99993485e-01,0
0, 0.99497307,0
0, 0.99506438,0
0, 0.99016679,0
0, 0.99820794,0
1, 0.28931186,1
0, 0.98742957,0
0, 0.97248868,0
0, 0.99879194,0
0, 0.99799379,0
0, 9.99298578e-01,0
0, 9.99431828e-01,0
0, 9.99946277e-01,0
0, 0.994326,0
0, 0.99619297,0
0, 9.99614542e-01,0
0, 0.83743387,0
0, 9.99974660e-01,0
0, 9.99906191e-01,0
0, 0.9961927,0
0, 0.97831355,0
0, 0.99717015,0
0, 0.83050556,0
0, 9.99130573e-01,0
1, 0.51945811,1
0, 9.99927667e-01,0
0, 9.99610039e-01,0
0, 9.99848703e-01,0
0, 9.99909739e-01,0
0, 9.99500254e-01,0
0, 9.99518232e-01,0
0, 9.99996077e-01,0
0, 9.99674276e-01,0
0, 0.98893545,0
0, 9.99029557e-01,0
0, 0.99540689,0
0, 0.98877,0
1, 0.06219148,1
0, 0.99742642,0
0, 0.99018766,0
0, 9.99223865e-01,0
0, 9.99547005e-01,0
0, 9.99992044e-01,0
0, 0.99061966,0
0, 0.98764596,0
0, 0.99784816,0
1, 0.98862263,0
0, 0.9807412,0
0, 0.9526492,0
0, 9.99716192e-01,0
0, 9.99864835e-01,0
0, 0.96932574,0
0, 9.99648868e-01,0
0, 9.99568760e-01,0
0, 0.19919149,1
0, 0.99460497,0
0, 0.98066387,0
0, 9.99408433e-01,0
0, 0.76475431,0
0, 0.9880008,0
0, 0.99806801,0
1, 0.01590641,1
0, 0.98516826,0
1, 0.05527863,1
0, 0.64039435,1
0, 9.99952931e-01,0
0, 9.99980772e-01,0
0, 0.99851905,0
0, 0.99538682,0
1, 0.80489976,0
0, 0.55072313,1
0, 0.95473467,0
0, 9.99999858e-01,0
0, 0.99303907,0
0, 0.96908842,0
0, 0.99830207,0
0, 9.99553005e-01,0
0, 0.79613342,0
0, 9.99844476e-01,0
0, 0.92207058,0
0, 9.99169159e-01,0
0, 0.78083676,0
0, 9.99480438e-01,0
1, 0.01974435,1
0, 0.85367176,0
0, 0.995021,0
0, 9.99459353e-01,0
0, 0.95747926,0
0, 0.95118766,0
0, 9.99954442e-01,0
0, 0.98393992,0
0, 9.99120042e-01,0
0, 0.99203609,0
0, 0.99421249,0
0, 9.99533755e-01,0
1, 0.21148008,1
0, 0.998283,0
0, 0.98713186,0
1, 0.02336397,1
0, 0.99205407,0
0, 0.99624481,0
0, 0.99694414,0
0, 0.98512549,0
0, 0.99788111,0
0, 0.99790107,0
0, 9.99998039e-01,0
0, 9.99999889e-01,0
0, 9.99851807e-01,0
0, 9.99627086e-01,0
0, 0.99836298,0
0, 0.78154462,0
0, 9.99751062e-01,0
0, 0.96378769,0
0, 0.99765721,0
0, 0.98223901,0
0, 9.99659780e-01,0
0, 9.99972959e-01,0
0, 0.9912839,0
0, 9.99057218e-01,0
1, 0.35306861,1
0, 9.99820853e-01,0
0, 0.98975201,0
0, 0.9968674,0
0, 9.99770119e-01,0
0, 0.99889841,0
0, 0.99511728,0
0, 9.99996842e-01,0
0, 0.99537659,0
0, 9.99916409e-01,0
0, 9.99998689e-01,0
0, 9.99005233e-01,0
0, 9.99958060e-01,0
0, 0.98824089,0
0, 9.99953830e-01,0
0, 0.96313771,0
0, 9.99217940e-01,0
1, 0.01800313,1
0, 0.99892635,0
0, 0.99804184,0
0, 9.99441844e-01,0
0, 9.99128956e-01,0
0, 9.99669861e-01,0
0, 9.99670804e-01,0
0, 9.99984646e-01,0
0, 9.99981104e-01,0
0, 9.99815158e-01,0
0, 9.99913944e-01,0
0, 9.99994130e-01,0
0, 0.79564512,0
0, 0.96173999,0
0, 0.92461805,0
0, 0.89870643,0
0, 0.99731957,0
0, 9.99872917e-01,0
0, 0.99838773,0
0, 0.99492111,0
0, 0.943494,0
0, 0.96843519,0
0, 0.99862511,0
0, 9.99041672e-01,0
0, 9.99998976e-01,0
0, 9.99999013e-01,0
0, 0.96362841,0
1, 0.77778579,0
0, 9.99920481e-01,0
0, 0.98896467,0
0, 0.99888303,0
0, 9.99983720e-01,0
0, 9.99437057e-01,0
0, 0.99806102,0
0, 0.99823644,0
0, 9.99750792e-01,0
0, 0.99432681,0
0, 9.99868800e-01,0
0, 0.83472504,0
0, 0.99420779,0
0, 9.99777330e-01,0
0, 9.99702683e-01,0
0, 9.99988024e-01,0
0, 9.99238640e-01,0
0, 0.9129382,0
0, 0.9559612,0
0, 0.99874307,0
0, 0.98535269,0
0, 0.99640278,0
0, 9.99734183e-01,0
0, 9.99970772e-01,0
0, 0.65633041,0
0, 0.87335074,0
0, 0.99883932,0
0, 9.99985435e-01,0
0, 0.99860169,0
1, 0.92991712,0
0, 0.90755416,0
0, 0.9959847,0
0, 9.99648191e-01,0
0, 9.99840242e-01,0
0, 0.99545676,0
0, 9.99989641e-01,0
0, 0.99889417,0
0, 0.98001421,0
0, 9.99670067e-01,0
0, 9.9975062e-01,0
0, 9.99883358e-01,0
0, 0.99495843,0
1, 0.4277149,1
0, 0.98724912,0
0, 9.99988377e-01,0
0, 9.99738552e-01,0
0, 0.98573826,0
0, 0.67911563,0
0, 9.99997414e-01,0
0, 9.99721665e-01,0
0, 0.34514706,1
0, 9.99981742e-01,0
0, 0.93922158,0
0, 0.98799098,0
0, 0.03938053,1
0, 9.99999871e-01,0
0, 0.98784542,0
0, 9.99446246e-01,0
0, 0.99407582,0
0, 9.99797473e-01,0
0, 0.99811676,0
0, 9.99250324e-01,0
0, 0.99480188,0
0, 0.99825175,0
0, 0.9939853,0
0, 9.99998394e-01,0
1, 0.15261874,1
0, 0.39651194,1
1, 0.02481764,1
0, 0.95436389,0
0, 9.99728085e-01,0
0, 0.95575629,0
0, 0.98850884,0
0, 9.99531800e-01,0
0, 0.9986152,0
1, 0.3517599,1
0, 9.99976903e-01,0
0, 0.98615601,0
0, 0.99247228,0
0, 0.99894291,0
0, 0.9987564,0
0, 0.9989736,0
0, 0.99598823,0
1, 0.01095793,1
0, 0.99218744,0
0, 9.99904584e-01,0
0, 9.99970778e-01,0
0, 9.99994709e-01,0
1, 0.707722,0
0, 0.98845845,0
0, 0.99556535,0
0, 9.99779701e-01,0
0, 0.96533117,0
1, 3.63926932e-07,1
0, 9.99950614e-01,0
0, 0.61726115,1
0, 9.99980453e-01,0
0, 0.99336476,0
0, 0.9926737,0
1, 0.07854045,1
0, 9.99616916e-01,0
0, 0.94324342,0
0, 9.99979160e-01,0
0, 0.99498911,0
0, 0.99689927,0
0, 0.99758194,0
0, 0.0152053,1
0, 9.99997191e-01,0
0, 0.97627528,0
0, 0.99758654,0
0, 0.98347947,0
0, 9.99008189e-01,0
0, 9.99618737e-01,0
0, 9.99965261e-01,0
0, 9.99039475e-01,0
0, 9.99572715e-01,0
0, 0.98558127,0
0, 9.99989251e-01,0
0, 0.99510916,0
0, 0.99372919,0
1, 0.02503047,1
0, 0.99513769,0
0, 9.99619015e-01,0
0, 0.9901812,0
0, 0.97102496,0
0, 9.99921107e-01,0
1, 0.69931084,0
0, 0.98209397,0
1, 0.78467474,0
0, 0.99712058,0
0, 0.96849876,0
0, 9.99318025e-01,0
0, 0.99286099,0
1, 0.01311195,1
0, 0.98262124,0
0, 0.99686228,0
0, 9.99540010e-01,0
0, 9.99831556e-01,0
0, 0.99889846,0
0, 9.99973723e-01,0
0, 0.86517846,0
0, 9.99979693e-01,0
0, 0.99108639,0
0, 0.98674488,0
0, 9.99545229e-01,0
0, 9.99880453e-01,0
1, 0.25466196,1
0, 0.99860531,0
0, 9.99972858e-01,0
0, 9.9999765e-01,0
0, 0.74783819,0
0, 0.98711761,0
0, 0.97506018,0
0, 9.99924622e-01,0
0, 9.99970523e-01,0
0, 0.99008106,0
0, 9.99605165e-01,0
0, 0.99272662,0
1, 0.25554926,1
0, 0.99781915,0
0, 0.97756776,0
0, 0.97883031,0
0, 0.99849972,0
0, 0.97896609,0
0, 9.99985461e-01,0
0, 9.99583618e-01,0
0, 0.99878688,0
0, 0.99407141,0
0, 0.97695751,0
0, 0.95847619,0
0, 0.9896686,0
0, 9.99698087e-01,0
0, 0.99854964,0
0, 9.99030346e-01,0
0, 0.99606956,0
0, 9.99666696e-01,0
0, 0.99834807,0
0, 0.99815535,0
1, 0.42791995,1
0, 0.98933371,0
0, 9.99935933e-01,0
0, 0.99892657,0
0, 0.99499924,0
0, 0.99870283,0
0, 0.70962929,0
0, 0.99840534,0
1, 0.24942548,1
0, 0.99560077,0
0, 0.99818968,0
0, 9.99874864e-01,0
0, 0.93942817,0
0, 0.85425187,0
0, 0.98515858,0
0, 9.99351146e-01,0
0, 0.40345557,1
0, 0.95071757,0
0, 0.99863234,0
0, 0.99804456,0
0, 0.91012811,0
0, 0.71108372,0
0, 9.99999385e-01,0
0, 9.99925447e-01,0
0, 0.99788494,0
1, 0.02131298,1
0, 9.99932973e-01,0
0, 0.99764433,0
0, 9.99609710e-01,0
0, 0.91259409,0
0, 9.99793912e-01,0
0, 0.96724199,0
0, 0.99864159,0
0, 0.99627549,0
0, 0.94631134,0
0, 9.99437532e-01,0
1, 0.96322247,0
0, 0.88631368,0
1, 0.17704334,1
1, 0.13945652,1
0, 0.99434822,0
0, 0.60567527,1
0, 9.99993954e-01,0
0, 9.99993770e-01,0
0, 0.99395472,0
0, 9.99844344e-01,0
0, 0.20699774,1
1, 0.00399344,1
0, 9.99995626e-01,0
0, 9.99713594e-01,0
0, 0.99870191,0
0, 0.99836024,0
0, 9.99963903e-01,0
0, 0.99723274,0
0, 0.95037238,0
0, 0.99492873,0
1, 0.29271465,1
0, 9.99982412e-01,0
0, 0.94030161,0
1, 0.95128807,0
0, 9.99930817e-01,0
0, 9.99997547e-01,0
0, 9.99986043e-01,0
0, 0.13915504,1
0, 9.99898391e-01,0
0, 0.98658845,0
0, 9.99905324e-01,0
0, 0.2814271,1
0, 9.99944051e-01,0
1, 0.11296114,1
0, 0.9978376,0
0, 0.31634544,1
0, 9.99957494e-01,0
0, 0.62652755,1
0, 9.99995307e-01,0
0, 9.99948894e-01,0
0, 0.95157007,0
0, 0.99866089,0
0, 9.99540418e-01,0
1, 0.25070629,1
1, 0.03153489,1
0, 0.7564389,0
0, 0.99840036,0
1, 0.83646129,0
0, 9.99965115e-01,0
0, 9.99996122e-01,0
0, 9.99562028e-01,0
0, 0.9966704,0
0, 0.9967179,0
0, 0.84035399,0
0, 0.99015083,0
1, 0.61010743,1
0, 0.9978335,0
0, 9.99516620e-01,0
0, 0.99485607,0
0, 0.99738607,0
0, 0.98378746,0
0, 0.99301437,0
0, 0.95915321,0
0, 0.99725781,0
0, 9.99715732e-01,0
0, 9.99996462e-01,0
0, 9.99999443e-01,0
0, 9.99789018e-01,0
1, 0.7986869,0
0, 0.98808753,0
0, 0.98936399,0
1, 0.28728973,1
0, 0.98907318,0
0, 9.99999427e-01,0
0, 0.664998,0
0, 9.99997903e-01,0
0, 0.98805999,0
0, 0.99283588,0
0, 9.99983792e-01,0
0, 0.99840427,0
0, 9.99948850e-01,0
0, 9.99988990e-01,0
0, 9.99995075e-01,0
0, 0.96003777,0
0, 0.98114241,0
0, 0.92035972,0
0, 0.96506716,0
0, 9.99806579e-01,0
0, 9.99993758e-01,0
0, 9.99108348e-01,0
0, 9.99681566e-01,0
0, 9.99724312e-01,0
0, 0.99322475,0
1, 0.08695559,1
1, 0.7236172,0
1, 0.91293393,0
0, 0.99406557,0
1, 0.44319694,1
0, 9.99168082e-01,0
0, 0.98917913,0
0, 0.99383268,0
0, 0.99668551,0
0, 0.99812747,0
0, 9.99978310e-01,0
0, 0.11584475,1
0, 0.99825528,0
0, 9.99572069e-01,0
0, 0.98670308,0
0, 9.99982090e-01,0
0, 0.96361109,0
0, 0.91926049,0
0, 0.99621422,0
0, 9.99996334e-01,0
1, 0.00303037,1
0, 9.99980901e-01,0
0, 9.99874434e-01,0
0, 9.99910858e-01,0
0, 9.99940335e-01,0
0, 9.99295227e-01,0
0, 0.98386516,0
0, 0.98405599,0
0, 0.82397201,0
0, 0.97194763,0
0, 0.98020929,0
0, 0.97904963,0
0, 9.99892366e-01,0
0, 9.99941005e-01,0
0, 0.99870941,0
0, 0.47260543,1
1, 0.83798656,0
0, 0.99801978,0
0, 9.99804145e-01,0
0, 9.99512033e-01,0
0, 0.97748008,0
0, 0.78789553,0
0, 9.99061613e-01,0
0, 0.72003329,0
0, 9.99611960e-01,0
0, 9.99415278e-01,0
1, 0.87991173,0
0, 0.96651007,0
0, 0.96909425,0
0, 0.9893475,0
0, 0.99784413,0
0, 0.98775663,0
0, 9.99948194e-01,0
0, 9.99429966e-01,0
0, 9.9999990e-01,0
0, 9.99937583e-01,0
0, 9.99769268e-01,0
0, 0.85690398,0
0, 0.99586872,0
0, 0.99566724,0
0, 9.99996882e-01,0
0, 9.99557568e-01,0
0, 0.98181601,0
0, 0.90393101,0
0, 0.8867666,0
0, 9.99926265e-01,0
0, 0.96262372,0
0, 0.99849547,0
0, 0.99175247,0
0, 0.31243138,1
0, 0.98148788,0
0, 9.99998427e-01,0
0, 0.92322124,0
0, 9.99222488e-01,0
0, 0.84483968,0
0, 9.99945722e-01,0
1, 0.17282186,1
0, 9.99999381e-01,0
0, 0.91938367,0
0, 0.9984194,0
0, 0.99785128,0
0, 0.84952551,0
1, 0.0482081,1
0, 0.91517126,0
0, 9.99869068e-01,0
0, 9.99471178e-01,0
1, 0.33953476,1
0, 9.99924963e-01,0
0, 0.99878971,0
0, 0.87477096,0
0, 9.99043433e-01,0
0, 0.9574757,0
0, 9.99691039e-01,0
0, 9.99836924e-01,0
0, 9.99971509e-01,0
0, 9.99395849e-01,0
0, 0.87890057,0
0, 0.99874878,0
0, 0.99854751,0
0, 9.99999804e-01,0
0, 9.99927948e-01,0
1, 0.65337637,0
0, 0.85651294,0
0, 0.97530853,0
0, 9.99885135e-01,0
0, 9.99031597e-01,0
0, 0.99642818,0
0, 0.96873785,0
0, 9.99998821e-01,0
1, 0.21436536,1
1, 0.67663457,0
0, 9.99991495e-01,0
0, 9.99964750e-01,0
0, 0.99345387,0
0, 9.99970483e-01,0
0, 9.99671759e-01,0
0, 9.99994309e-01,0
0, 9.99704211e-01,0
0, 9.99778170e-01,0
0, 0.94644016,0
0, 0.99417271,0
0, 0.97463497,0
0, 0.9561213,0
1, 0.5239881,1
0, 0.9939791,0
0, 0.98509678,0
0, 0.9746697,0
0, 0.9680369,0
0, 0.94344618,0
0, 0.86124901,0
1, 0.84973819,0
0, 0.99417876,0
0, 9.99711675e-01,0
0, 0.99614149,0
0, 0.97287297,0
0, 0.99875965,0
0, 0.99758979,0
0, 0.99868464,0
1, 0.31007226,1
0, 0.99895857,0
0, 0.93454299,0
0, 0.89991502,0
0, 0.99485972,0
0, 0.98870129,0
0, 0.99747177,0
0, 0.99735801,0
0, 0.98315821,0
0, 9.99470697e-01,0
0, 0.88428195,0
0, 9.99898158e-01,0
0, 0.89789531,0
0, 9.99989619e-01,0
0, 9.99169205e-01,0
0, 9.99992428e-01,0
0, 0.99850258,0
0, 0.99589698,0
0, 9.99186788e-01,0
0, 0.99399679,0
0, 9.99560679e-01,0
0, 0.92288286,0
1, 0.95983981,0
0, 9.99986112e-01,0
1, 0.7455213,0
1, 0.6246911,1
0, 0.9932601,0
0, 0.94452059,0
0, 0.93558676,0
0, 0.93521211,0
0, 9.99986330e-01,0
0, 9.99940584e-01,0
0, 0.72202002,0
0, 0.74010232,0
0, 0.99046926,0
0, 9.99846324e-01,0
0, 0.03018583,1
0, 0.99875438,0
0, 9.99983850e-01,0
0, 0.99116222,0
0, 0.11963831,1
1, 0.68432207,0
0, 9.99500218e-01,0
0, 9.99997270e-01,0
0, 9.99907831e-01,0
0, 0.98518891,0
0, 9.99514478e-01,0
0, 0.96414929,0
0, 9.99534532e-01,0
0, 0.99612427,0
0, 0.99301213,0
0, 0.98237897,0
0, 0.98836328,0
0, 0.87399703,0
0, 9.99788222e-01,0
0, 9.99669402e-01,0
0, 0.19372436,1
1, 0.30310633,1
0, 0.99752919,0
0, 0.99351742,0
1, 0.06732807,1
0, 0.96538601,0
0, 0.99270092,0
1, 0.44791784,1
1, 0.47166289,1
0, 0.99870253,0
0, 9.99946958e-01,0
0, 0.99529558,0
0, 0.88945006,0
0, 9.99956346e-01,0
1, 0.36686638,1
0, 9.99966517e-01,0
0, 0.9861321,0
0, 0.41959572,1
0, 0.99520393,0
0, 0.99610728,0
0, 9.99968788e-01,0
0, 0.97124605,0
0, 9.99529166e-01,0
0, 9.99996567e-01,0
0, 0.99513526,0
0, 9.99153561e-01,0
0, 9.99448310e-01,0
0, 9.99971863e-01,0
0, 9.99683308e-01,0
0, 0.3745233,1
0, 9.99993040e-01,0
0, 0.99597271,0
0, 9.99711698e-01,0
0, 0.99475074,0
1, 0.47509598,1
0, 0.97712174,0
0, 0.99669141,0
0, 0.92407275,0
0, 9.99993967e-01,0
0, 9.99978699e-01,0
1, 0.99629904,0
0, 0.97510216,0
0, 0.99856182,0
0, 0.99552313,0
0, 9.99781222e-01,0
0, 0.86305767,0
0, 9.99986123e-01,0
0, 0.98993378,0
0, 9.99483336e-01,0
0, 0.73487269,0
0, 9.9999990e-01,0
0, 9.99580846e-01,0
0, 0.9979511,0
0, 0.99707823,0
0, 0.99596724,0
1, 0.64673446,1
0, 0.9867878,0
1, 0.19062152,1
0, 0.65434901,0
0, 9.99996167e-01,0
0, 0.9947774,0
0, 0.99796666,0
0, 9.99113377e-01,0
0, 9.99979051e-01,0
0, 9.99943002e-01,0
1, 0.01797232,1
0, 9.99909328e-01,0
0, 9.99990248e-01,0
0, 9.99982070e-01,0
0, 9.99486212e-01,0
0, 0.99563799,0
0, 0.95420084,0
0, 9.99169198e-01,0
0, 9.99726537e-01,0
0, 9.99622865e-01,0
0, 9.99957082e-01,0
0, 0.93873399,0
0, 0.99393785,0
0, 9.99982424e-01,0
0, 0.77961853,0
0, 0.9979972,0
0, 9.99967089e-01,0
0, 0.99854038,0
0, 9.99877455e-01,0
0, 0.46823968,1
0, 9.99827664e-01,0
0, 0.99667708,0
0, 9.99987762e-01,0
0, 0.98536361,0
0, 0.99710468,0
0, 9.99988052e-01,0
0, 0.98669727,0
0, 9.99872210e-01,0
0, 9.99062130e-01,0
0, 0.83928478,0
0, 0.99767031,0
0, 9.99624481e-01,0
0, 0.99856206,0
0, 0.99887678,0
0, 9.99980172e-01,0
0, 0.99893406,0
0, 0.98326374,0
1, 0.00865085,1
0, 9.99375814e-01,0
1, 0.48765329,1
0, 0.93970162,0
0, 9.99201137e-01,0
0, 9.99384997e-01,0
0, 0.95195401,0
1, 0.09440009,1
1, 0.33587076,1
0, 0.71803948,0
0, 9.99589479e-01,0
0, 0.93477165,0
0, 9.99800330e-01,0
0, 9.99952426e-01,0
0, 0.99368666,0
0, 9.99875853e-01,0
1, 0.37816207,1
0, 0.99817948,0
0, 0.99210776,0
1, 0.23454653,1
0, 0.86094683,0
0, 0.9981797,0
0, 9.99124577e-01,0
0, 0.9979722,0
0, 9.99882247e-01,0
0, 0.98215156,0
0, 9.99822774e-01,0
0, 9.99944359e-01,0
0, 0.99885219,0
0, 9.99868899e-01,0
1, 0.02027368,1
0, 0.98982869,0
0, 0.99790878,0
0, 0.99472675,0
0, 9.99880060e-01,0
0, 0.99297572,0
0, 9.99983959e-01,0
0, 0.90685702,0
0, 9.99304217e-01,0
1, 0.18710134,1
0, 0.99836039,0
0, 0.99651262,0
0, 0.92982491,0
0, 0.90067692,0
0, 0.99707712,0
0, 0.99626013,0
0, 9.99435967e-01,0
0, 9.99979919e-01,0
0, 0.92952631,0
0, 0.98910562,0
0, 0.9970831,0
1, 0.13156603,1
0, 0.91696986,0
0, 0.56015238,1
0, 0.97336207,0
0, 9.99959889e-01,0
0, 0.95608327,0
0, 0.91154672,0
0, 0.99876082,0
0, 0.99156949,0
0, 9.99997650e-01,0
0, 0.99025291,0
0, 0.99611985,0
0, 0.9896509,0
0, 0.98591484,0
0, 0.99051916,0
0, 0.99606292,0
0, 0.99778922,0
0, 9.99883850e-01,0
0, 0.97298235,0
0, 9.99998817e-01,0
0, 0.9933423,0
0, 9.99945277e-01,0
1, 0.25152081,1
1, 0.24305519,1
0, 9.99795010e-01,0
0, 9.99998389e-01,0
0, 0.99101865,0
0, 0.97050237,0
0, 0.98600474,0
0, 0.9845064,0
0, 0.99386881,0
0, 9.99724185e-01,0
0, 9.99773053e-01,0
0, 0.62013862,1
0, 9.99970664e-01,0
0, 0.98055826,0
0, 9.99955572e-01,0
0, 0.98866769,0
0, 0.26837856,1
0, 0.99747316,0
0, 0.99840252,0
0, 9.99891451e-01,0
0, 0.99798955,0
0, 0.99746262,0
0, 0.97369616,0
0, 9.99962404e-01,0
0, 9.99979863e-01,0
0, 9.99999836e-01,0
0, 9.99880277e-01,0
0, 9.99813099e-01,0
0, 9.99999883e-01,0
0, 9.99584393e-01,0
0, 0.6563871,0
0, 0.25542067,1
0, 9.99866495e-01,0
0, 0.99067089,0
0, 9.99958104e-01,0
0, 9.99810361e-01,0
0, 9.99872124e-01,0
0, 9.99436135e-01,0
0, 0.96283346,0
0, 0.9736567,0
0, 9.99909342e-01,0
0, 0.99317071,0
0, 9.99996652e-01,0
0, 0.99233288,0
0, 0.99655609,0
0, 0.96969869,0
0, 0.99891938,0
0, 9.99269781e-01,0
0, 9.99402692e-01,0
0, 0.99847331,0
0, 9.99970745e-01,0
0, 9.99340604e-01,0
0, 9.99164557e-01,0
0, 9.99839281e-01,0
0, 0.99834218,0
0, 9.99860738e-01,0
0, 0.94134489,0
0, 0.9795123,0
0, 0.98554929,0
1, 0.64835718,1
1, 0.64969986,1
1, 0.26315747,1
0, 0.99871455,0
0, 9.99646759e-01,0
0, 0.99766268,0
0, 0.98511369,0
0, 0.96515604,0
0, 9.99701384e-01,0
0, 0.99879904,0
0, 0.97886796,0
0, 9.99616799e-01,0
0, 9.99262643e-01,0
0, 9.99989560e-01,0
0, 0.99853745,0
0, 0.99322916,0
0, 9.99997327e-01,0
0, 0.98674381,0
0, 9.99951305e-01,0
1, 0.28147657,1
0, 9.9999990e-01,0
0, 0.82058117,0
0, 9.99915847e-01,0
0, 9.99738301e-01,0
0, 0.41390714,1
0, 9.99912736e-01,0
0, 0.94536206,0
0, 9.99424417e-01,0
1, 0.13210024,1
0, 0.99825714,0
0, 9.99999028e-01,0
0, 0.98464706,0
0, 0.99419901,0
0, 0.99462475,0
0, 9.99968972e-01,0
0, 0.97988904,0
0, 9.99764784e-01,0
0, 0.96547154,0
0, 9.99972565e-01,0
0, 0.99568696,0
0, 0.99794704,0
0, 9.99996403e-01,0
0, 0.98152186,0
0, 0.92131906,0
1, 0.40128046,1
0, 9.99500133e-01,0
0, 0.99583693,0
0, 0.99850972,0
0, 9.99072297e-01,0
0, 9.99751850e-01,0
1, 0.52638626,1
0, 9.99999420e-01,0
0, 9.99425320e-01,0
0, 0.99238475,0
0, 0.99768406,0
0, 9.99504269e-01,0
0, 0.64886513,1
0, 0.92131006,0
0, 9.99999899e-01,0
0, 0.98955605,0
0, 0.86966279,0
1, 0.02227793,1
0, 9.99907104e-01,0
1, 0.79652654,0
0, 9.99493188e-01,0
0, 0.99851336,0
0, 0.74122916,0
0, 0.97111793,0
0, 0.97267334,0
0, 9.99999715e-01,0
0, 0.99787959,0
0, 0.99802544,0
0, 0.91628505,0
0, 0.96015444,0
0, 9.99518104e-01,0
0, 9.99822071e-01,0
0, 9.99607249e-01,0
0, 0.98602606,0
0, 0.99514045,0
0, 0.9978357,0
0, 0.98730814,0
1, 0.45828135,1
0, 0.98613506,0
0, 9.99981476e-01,0
0, 0.95906569,0
0, 0.99899241,0
1, 0.1931606,1
0, 0.99851226,0
0, 0.4331306,1
0, 9.99750457e-01,0
0, 9.99405467e-01,0
0, 0.98066469,0
0, 0.60696632,1
1, 0.20546994,1
1, 0.08655888,1
0, 0.99867363,0
0, 0.99539421,0
0, 9.99741370e-01,0
0, 0.97990553,0
0, 0.99062289,0
0, 0.99695429,0
0, 0.97767991,0
0, 0.99892267,0
0, 0.99872838,0
0, 9.99316736e-01,0
0, 9.99867151e-01,0
0, 0.97127942,0
0, 0.99886268,0
0, 9.99874407e-01,0
0, 0.99599178,0
0, 0.99238453,0
0, 0.99028802,0
0, 9.99947310e-01,0
0, 0.89254548,0
0, 9.99994274e-01,0
0, 0.08511284,1
1, 0.64397668,1
0, 0.9973875,0
0, 0.98354467,0
0, 0.97624678,0
0, 9.99152296e-01,0
1, 0.5,1
0, 0.97249269,0
0, 9.99962870e-01,0
0, 9.99707668e-01,0
0, 9.99810322e-01,0
1, 0.01426525,1
0, 9.99910566e-01,0
1, 0.78514202,0
0, 9.99955008e-01,0
0, 9.99305788e-01,0
0, 9.99933702e-01,0
0, 0.99882152,0
0, 0.99756288,0
0, 0.99450391,0
0, 9.99956317e-01,0
0, 0.99761484,0
0, 0.9965331,0
0, 0.99858774,0
0, 9.99990216e-01,0
0, 9.99956836e-01,0
0, 0.99495873,0
1, 0.09937666,1
0, 0.9945166,0
0, 0.97779954,0
0, 9.99966464e-01,0
0, 0.98774939,0
0, 9.99691164e-01,0
0, 0.99670481,0
0, 9.99933686e-01,0
0, 0.99811205,0
0, 9.99256434e-01,0
0, 9.99998857e-01,0
0, 9.99998849e-01,0
0, 0.98570828,0
0, 0.99599494,0
0, 9.99755917e-01,0
1, 0.7736962,0
0, 9.99974646e-01,0
0, 0.18314517,1
0, 0.84041171,0
0, 0.98501583,0
0, 0.99811087,0
0, 0.99432801,0
0, 0.49125442,1
0, 0.96237101,0
0, 0.99891532,0
0, 0.99039432,0
0, 9.99969144e-01,0
0, 9.99993228e-01,0
0, 9.99921579e-01,0
0, 0.80200389,0
0, 0.94461138,0
1, 0.01426525,1
0, 9.99994114e-01,0
0, 9.99993141e-01,0
0, 0.95229394,0
0, 0.93843118,0
0, 9.99966889e-01,0
0, 9.99900112e-01,0
0, 0.11651674,1
0, 0.97201938,0
0, 0.99475377,0
0, 0.97471182,0
0, 9.99982497e-01,0
0, 0.92262912,0
0, 9.99880239e-01,0
0, 9.99984241e-01,0
1, 0.91957965,0
0, 0.98879348,0
0, 0.86408781,0
0, 0.99815837,0
0, 9.99569565e-01,0
0, 9.99753336e-01,0
0, 0.8937814,0
0, 0.93232797,0
0, 0.98385311,0
0, 0.99898298,0
0, 9.99261054e-01,0
0, 0.96548709,0
0, 9.99832322e-01,0
0, 9.99857399e-01,0
0, 9.99841150e-01,0
0, 9.99437785e-01,0
0, 9.99996629e-01,0
1, 0.69099947,0
0, 0.8293835,0
0, 0.99896048,0
0, 0.9738066,0
0, 9.99811684e-01,0
0, 9.99469229e-01,0
0, 0.99805077,0
0, 9.99576022e-01,0
0, 0.99208698,0
0, 9.99365014e-01,0
0, 9.99925948e-01,0
0, 0.99581772,0
0, 9.99778728e-01,0
0, 9.99713737e-01,0
0, 0.99463733,0
0, 0.9390686,0
0, 9.99074542e-01,0
0, 9.99999272e-01,0
0, 0.99631664,0
0, 9.99979845e-01,0
0, 9.99990373e-01,0
0, 9.99932915e-01,0
0, 9.99324482e-01,0
1, 0.82831682,0
0, 9.99145753e-01,0
1, 0.06736049,1
0, 0.67190078,0
0, 9.99942317e-01,0
0, 9.99930471e-01,0
0, 9.99820528e-01,0
0, 0.9924131,0
0, 9.99884422e-01,0
0, 0.99296028,0
0, 0.99464015,0
0, 0.77941378,0
0, 0.91320987,0
0, 9.99984113e-01,0
0, 9.99999605e-01,0
0, 9.99930552e-01,0
0, 0.99668767,0
1, 0.62314568,1
0, 0.99897551,0
1, 0.6236586,1
0, 0.0455598,1
1, 0.007569,1
0, 9.99761561e-01,0
0, 0.99860622,0
0, 0.94403489,0
0, 9.99521605e-01,0
0, 9.99897827e-01,0
0, 9.99756221e-01,0
0, 9.99898526e-01,0
0, 9.99550773e-01,0
0, 9.99753780e-01,0
0, 0.99889373,0
1, 0.22610432,1
0, 9.99935634e-01,0
0, 9.99828783e-01,0
0, 9.99964046e-01,0
0, 0.99670815,0
0, 9.99433240e-01,0
0, 9.99673975e-01,0
0, 9.99694051e-01,0
0, 9.99111173e-01,0
0, 0.99894574,0
1, 0.02542318,1
0, 9.99761521e-01,0
0, 9.99804338e-01,0
0, 0.78645379,0
1, 0.96676788,0
0, 0.96142664,0
0, 9.99811004e-01,0
0, 0.9980932,0
0, 9.99846395e-01,0
0, 0.73497383,0
0, 9.99671725e-01,0
0, 9.99879435e-01,0
1, 0.52336325,1
0, 0.99400348,0
0, 9.99974866e-01,0
0, 9.99979210e-01,0
0, 0.90395718,0
0, 0.97066555,0
0, 9.99470115e-01,0
0, 9.99055882e-01,0
0, 0.9959979,0
0, 9.99025127e-01,0
0, 0.99252633,0
0, 9.99492032e-01,0
0, 0.96700593,0
0, 9.99998471e-01,0
0, 0.99779221,0
1, 0.51321432,1
0, 0.97170444,0
0, 0.74904195,0
0, 0.99763407,0
0, 0.9618792,0
0, 0.93275917,0
0, 0.92835348,0
0, 9.99956087e-01,0
0, 9.99329932e-01,0
0, 9.99982768e-01,0
0, 9.99340198e-01,0
0, 0.70697223,0
0, 9.99984049e-01,0
0, 9.99500178e-01,0
0, 0.99490132,0
0, 9.99501656e-01,0
0, 0.98866861,0
0, 0.99670962,0
0, 9.99829109e-01,0
0, 0.99801671,0
0, 0.99878687,0
0, 0.99422333,0
0, 0.96095517,0
0, 0.93951785,0
0, 0.96354676,0
0, 0.99808067,0
1, 0.29271226,1
0, 9.99992158e-01,0
0, 0.99806579,0
0, 9.99999633e-01,0
0, 0.99451155,0
0, 0.48398643,1
0, 0.99824746,0
0, 0.99846534,0
0, 0.85948631,0
0, 9.99997775e-01,0
0, 0.99611016,0
0, 9.99313081e-01,0
0, 9.99882642e-01,0
0, 9.99246298e-01,0
0, 0.98484648,0
0, 0.99859465,0
0, 9.99432677e-01,0
0, 9.99939675e-01,0
0, 9.99537667e-01,0
1, 0.05806723,1
0, 0.9951657,0
0, 0.99510884,0
0, 0.95927195,0
0, 9.99950409e-01,0
0, 9.99414290e-01,0
0, 9.99601872e-01,0
0, 0.99745197,0
0, 0.77104246,0
1, 0.15298684,1
0, 0.9978818,0
0, 0.998148,0
0, 9.99982373e-01,0
0, 0.97309345,0
0, 0.40163577,1
0, 0.99494027,0
0, 0.99417772,0
0, 9.99945641e-01,0
0, 0.8830585,0
0, 0.99147909,0
0, 0.96528358,0
0, 0.99764076,0
0, 0.99784968,0
0, 9.99694007e-01,0
0, 0.92961273,0
0, 0.99260533,0
0, 9.99743891e-01,0
0, 0.94638584,0
0, 9.99995499e-01,0
1, 0.1292805,1
0, 0.8840745,0
0, 0.97487136,0
0, 9.99992439e-01,0
1, 0.78645803,0
0, 9.99930052e-01,0
0, 9.99996063e-01,0
0, 9.99997880e-01,0
0, 9.99689868e-01,0
0, 9.99411863e-01,0
0, 9.99608943e-01,0
0, 0.99861712,0
0, 0.9948048,0
0, 0.99893157,0
0, 0.92928651,0
0, 0.99895393,0
0, 9.99883606e-01,0
0, 9.99358650e-01,0
0, 0.99580809,0
0, 0.96857274,0
0, 9.99563170e-01,0
1, 0.99431266,0
0, 0.96733724,0
0, 0.99356043,0
0, 9.99326466e-01,0
1, 0.14786183,1
0, 0.97947684,0
0, 0.97830661,0
0, 0.9662098,0
0, 0.98969996,0
0, 9.99107872e-01,0
0, 0.99888186,0
1, 0.46132257,1
0, 0.98371373,0
0, 0.9947844,0
0, 0.99469446,0
0, 0.99504664,0
0, 9.99999094e-01,0
0, 9.99833429e-01,0
0, 9.99130367e-01,0
0, 0.99809523,0
0, 0.78862903,0
1, 0.10072449,1
0, 9.99930749e-01,0
0, 9.99992521e-01,0
0, 0.99531021,0
0, 0.86846431,0
0, 0.95289383,0
0, 0.99456464,0
0, 0.99809136,0
0, 0.99666531,0
0, 0.99846631,0
0, 9.99971028e-01,0
0, 0.99851792,0
0, 0.8051173,0
0, 0.89952243,0
0, 0.71734869,0
0, 0.98633087,0
1, 0.67682266,0
1, 0.00908808,1
0, 0.99578356,0
0, 9.99963589e-01,0
1, 0.51518245,1
0, 9.99916854e-01,0
0, 0.96520899,0
0, 0.82021148,0
0, 0.99497267,0
0, 0.9960273,0
0, 0.99749001,0
0, 0.99888199,0
0, 0.98615475,0
0, 0.95992191,0
0, 9.99957725e-01,0
1, 0.05298652,1
0, 0.99755866,0
1, 0.99720549,0
0, 0.99627275,0
1, 0.19553479,1
0, 9.99786887e-01,0
0, 0.88919583,0
0, 9.99940779e-01,0
0, 0.88441014,0
0, 9.99963286e-01,0
0, 0.84293014,0
0, 9.99931017e-01,0
0, 9.99998166e-01,0
0, 0.97670567,0
0, 9.99831112e-01,0
0, 9.99998862e-01,0
0, 0.89147451,0
0, 0.98425924,0
0, 0.52764202,1
0, 0.53528322,1
0, 0.99704737,0
1, 0.00547533,1
0, 0.99265445,0
0, 9.99753703e-01,0
0, 0.86042652,0
0, 0.98809015,0
0, 0.98424201,0
0, 0.74680998,0
0, 9.99993406e-01,0
0, 9.99982316e-01,0
0, 0.97852274,0
0, 0.81918574,0
0, 9.99542394e-01,0
1, 0.01008687,1
0, 0.99815868,0
0, 0.99822842,0
0, 0.98711828,0
0, 0.39286215,1
0, 9.99631187e-01,0
0, 0.93027799,0
0, 0.99497379,0
0, 0.96940885,0
0, 0.9987993,0
0, 0.98611604,0
1, 0.27145882,1
0, 9.99993023e-01,0
0, 0.97815918,0
1, 0.39043247,1
0, 0.69815134,0
0, 9.99754505e-01,0
0, 9.99860291e-01,0
0, 9.99633859e-01,0
0, 9.99769175e-01,0
0, 9.99998037e-01,0
0, 0.1333198,1
0, 9.99832373e-01,0
0, 9.99857085e-01,0
0, 9.99172607e-01,0
0, 0.81287953,0
0, 9.99894631e-01,0
0, 0.98205015,0
0, 9.99749285e-01,0
0, 0.97186575,0
0, 9.99153411e-01,0
0, 9.99247072e-01,0
0, 9.99877238e-01,0
0, 9.99972683e-01,0
0, 0.98738917,0
0, 0.93513038,0
0, 9.99999099e-01,0
0, 0.99807806,0
0, 0.98814646,0
0, 0.98338272,0
0, 9.99885397e-01,0
1, 0.85739763,0
0, 9.99962688e-01,0
0, 9.99442844e-01,0
0, 9.99130127e-01,0
0, 0.82436506,0
0, 0.6441419,1
0, 0.41142574,1
0, 9.99578073e-01,0
0, 9.99724418e-01,0
0, 9.99950726e-01,0
0, 9.99993797e-01,0
0, 0.98187213,0
1, 0.23253533,1
1, 0.05426254,1
1, 0.60741151,1
0, 0.70733411,0
0, 0.88387076,0
0, 0.60144238,1
0, 9.99499719e-01,0
0, 0.87475287,0
0, 9.99989911e-01,0
0, 9.99247512e-01,0
0, 0.99132686,0
1, 0.0837304,1
0, 9.99989548e-01,0
0, 9.99263621e-01,0
0, 0.99709022,0
0, 0.93154121,0
0, 9.99792882e-01,0
0, 9.99872252e-01,0
0, 9.99992543e-01,0
0, 0.92008094,0
0, 0.99825633,0
0, 0.99668237,0
0, 0.9847558,0
0, 0.99471676,0
1, 0.96036222,0
0, 0.99646434,0
0, 9.99973916e-01,0
0, 0.99776332,0
1, 0.04469202,1
0, 0.9967729,0
0, 9.99972705e-01,0
0, 0.94278471,0
0, 0.99326148,0
0, 0.99869531,0
0, 0.98511177,0
0, 0.47675501,1
1, 0.09318986,1
0, 0.99595677,0
0, 9.99964307e-01,0
0, 9.99962311e-01,0
0, 0.97544277,0
0, 0.98160656,0
0, 0.99884854,0
0, 0.96907665,0
0, 0.99850468,0
0, 0.99829544,0
0, 9.99992723e-01,0
1, 0.16100327,1
0, 9.99994723e-01,0
0, 9.99959565e-01,0
0, 9.99556872e-01,0
0, 9.99962116e-01,0
0, 9.99897167e-01,0
0, 9.99454776e-01,0
0, 9.99952578e-01,0
0, 9.99998297e-01,0
1, 0.17701289,1
0, 9.99047486e-01,0
0, 0.99740473,0
1, 0.13039669,1
0, 0.98104954,0
0, 0.99885198,0
0, 0.995172,0
0, 9.99318580e-01,0
0, 0.99490085,0
0, 0.99584944,0
0, 9.99986873e-01,0
0, 9.99951228e-01,0
0, 0.99211052,0
0, 0.99890856,0
0, 0.90055755,0
0, 0.99031468,0
0, 0.97637954,0
0, 9.99854242e-01,0
0, 0.9733738,0
0, 9.99657352e-01,0
0, 0.92004529,0
0, 9.99966460e-01,0
0, 0.89255747,0
0, 0.60005058,1
0, 9.99899551e-01,0
0, 9.99521620e-01,0
0, 0.98863822,0
1, 0.07158683,1
0, 0.94483051,0
0, 0.99135203,0
0, 9.99975123e-01,0
0, 0.99526772,0
0, 0.99881517,0
0, 0.98967941,0
0, 0.9705333,0
0, 9.99363495e-01,0
1, 0.91051592,0
0, 0.52879377,1
0, 0.96345765,0
0, 9.99863569e-01,0
0, 9.99975017e-01,0
0, 9.99981671e-01,0
0, 0.99531162,0
0, 9.99862169e-01,0
0, 9.99941877e-01,0
0, 9.99844524e-01,0
0, 9.99863827e-01,0
0, 9.99919517e-01,0
0, 0.56838027,1
0, 0.97350385,0
0, 9.99676059e-01,0
0, 0.98249984,0
0, 0.98759836,0
0, 9.99198945e-01,0
0, 0.9689281,0
0, 0.78330863,0
0, 0.99658512,0
0, 0.99816488,0
0, 0.99727016,0
0, 9.99905930e-01,0
0, 9.99256854e-01,0
0, 0.99886289,0
1, 0.66695783,0
0, 0.99876393,0
0, 9.99071563e-01,0
0, 9.99999810e-01,0
0, 0.99895066,0
1, 0.1160253,1
0, 9.99655888e-01,0
0, 9.99910717e-01,0
0, 0.99660728,0
0, 9.99873982e-01,0
0, 0.96356291,0
0, 0.90255317,0
0, 0.99592218,0
0, 0.94508804,0
0, 9.99999707e-01,0
0, 0.99614402,0
0, 9.99851494e-01,0
0, 0.98969783,0
0, 0.99538967,0
0, 0.99530011,0
0, 9.99881721e-01,0
0, 9.99857481e-01,0
0, 9.99999312e-01,0
0, 0.95606816,0
0, 0.99897735,0
1, 0.13077363,1
0, 9.99254073e-01,0
0, 9.99960553e-01,0
0, 9.99983721e-01,0
0, 0.98578807,0
0, 9.99188900e-01,0
0, 0.96383202,0
0, 9.99980238e-01,0
0, 0.99839142,0
1, 0.84947964,0
0, 0.99522908,0
1, 0.11744022,1
0, 0.9950618,0
0, 0.98657122,0
0, 9.99959509e-01,0
1, 0.54228171,1
0, 0.98533816,0
0, 0.64761923,1
0, 9.99675090e-01,0
0, 0.98200063,0
0, 0.99652572,0
0, 9.99005469e-01,0
0, 0.99880998,0
0, 9.99765736e-01,0
1, 0.10051003,1
0, 0.99211861,0
0, 0.99569739,0
0, 0.93708252,0
0, 9.99769111e-01,0
0, 9.99057667e-01,0
0, 9.99938386e-01,0
0, 0.77955102,0
0, 0.93832714,0
1, 0.08962196,1
0, 0.98476037,0
0, 9.99984009e-01,0
0, 0.99696951,0
0, 0.99821257,0
1, 0.45887271,1
0, 0.9971399,0
0, 0.90043006,0
0, 9.99911843e-01,0
0, 9.99896058e-01,0
0, 0.99732411,0
0, 0.99563977,0
0, 0.99514555,0
0, 0.99453539,0
0, 9.99892975e-01,0
0, 9.99494420e-01,0
1, 0.94040342,0
0, 9.99720729e-01,0
0, 0.99146214,0
0, 0.99737673,0
1, 0.13725074,1
0, 9.99924774e-01,0
0, 9.99745057e-01,0
0, 0.99662825,0
1, 0.20945802,1
0, 9.99901368e-01,0
0, 0.99854667,0
0, 0.99888396,0
0, 0.99808435,0
0, 0.95188885,0
0, 9.99571437e-01,0
0, 0.998442,0
0, 9.99976475e-01,0
0, 9.9999990e-01,0
0, 0.96394698,0
0, 0.95844388,0
0, 0.93990062,0
0, 0.99653328,0
0, 0.99065477,0
1, 0.35771619,1
0, 9.99997637e-01,0
0, 9.99748082e-01,0
1, 0.92415817,0
0, 9.99057837e-01,0
0, 9.99983620e-01,0
0, 0.99656188,0
0, 0.52031166,1
0, 0.99793053,0
0, 0.98282797,0
1, 0.18788231,1
0, 0.97452622,0
0, 9.99989996e-01,0
0, 9.99966511e-01,0
0, 0.94824098,0
0, 0.99810276,0
0, 0.99791082,0
0, 9.99991382e-01,0
0, 0.99845641,0
0, 0.94578179,0
0, 9.99986711e-01,0
0, 0.99431315,0
0, 0.70975585,0
0, 0.99291858,0
0, 0.9973893,0
0, 0.99175063,0
0, 0.99742922,0
0, 9.99982558e-01,0
0, 0.99827168,0
0, 9.99877663e-01,0
0, 0.81542491,0
0, 9.99808243e-01,0
0, 0.99787406,0
0, 0.94503831,0
0, 9.99343314e-01,0
0, 0.99738084,0
1, 0.1489524,1
0, 9.99558012e-01,0
0, 0.7138865,0
0, 0.9956098,0
0, 9.99442042e-01,0
0, 0.99151455,0
0, 0.99410391,0
0, 0.87066875,0
0, 9.99832908e-01,0
0, 0.99541827,0
0, 9.99919147e-01,0
0, 0.98848726,0
0, 9.99997753e-01,0
0, 9.99981514e-01,0
0, 0.99512466,0
0, 0.99795775,0
0, 9.9905138e-01,0
0, 0.94306864,0
0, 0.99314239,0
0, 9.99989775e-01,0
0, 0.99781641,0
0, 0.9463302,0
0, 0.99736271,0
0, 9.99980534e-01,0
0, 0.67822386,0
0, 9.99868150e-01,0
0, 9.99918687e-01,0
0, 0.63807402,1
1, 0.78467474,0
0, 0.8861138,0
0, 0.99440413,0
0, 0.08172141,1
0, 0.97889599,0
0, 0.99852066,0
0, 0.81793255,0
0, 0.92404897,0
0, 9.99674002e-01,0
0, 9.99937194e-01,0
0, 0.98714737,0
0, 9.99990548e-01,0
0, 0.99799409,0
0, 9.99987849e-01,0
0, 0.98626525,0
0, 9.99925064e-01,0
0, 0.95888862,0
0, 0.99756959,0
0, 0.79791039,0
0, 0.99629535,0
0, 0.20078912,1
1, 0.77627652,0
0, 9.99005826e-01,0
0, 0.98286474,0
0, 9.99520600e-01,0
0, 0.9968994,0
0, 0.99686046,0
0, 0.98467862,0
0, 0.9946913,0
0, 9.99990784e-01,0
0, 0.87515506,0
1, 0.00640906,1
0, 0.99869937,0
1, 0.65016199,1
0, 0.9955095,0
1, 0.08036386,1
0, 9.99107282e-01,0
1, 0.63959483,1
0, 9.99975716e-01,0
0, 9.99997840e-01,0
0, 0.99259134,0
0, 9.99931369e-01,0
0, 0.94035767,0
0, 0.99403497,0
0, 0.98422789,0
0, 9.99740970e-01,0
0, 9.99992292e-01,0
0, 0.95401469,0
0, 9.99946949e-01,0
0, 0.98256687,0
0, 0.94502633,0
1, 0.23628771,1
0, 0.99485818,0
0, 9.99980277e-01,0
0, 0.99425978,0
0, 0.97187791,0
0, 9.99915423e-01,0
0, 0.99801559,0
0, 9.99478473e-01,0
0, 0.9621396,0
0, 0.99353992,0
0, 0.99605414,0
0, 9.99489771e-01,0
0, 0.98717863,0
0, 9.99176992e-01,0
0, 9.99692166e-01,0
1, 0.05710113,1
0, 0.80235364,0
0, 9.99849272e-01,0
0, 0.636337,1
0, 0.91047343,0
0, 0.45977954,1
0, 9.99485347e-01,0
0, 0.99454069,0
0, 9.99431856e-01,0
0, 0.99676086,0
0, 0.97956996,0
0, 9.99991601e-01,0
0, 0.99316337,0
0, 0.99486191,0
0, 9.99844645e-01,0
1, 0.0067924,1
0, 9.99983014e-01,0
0, 0.98234956,0
0, 9.99863102e-01,0
0, 0.9694881,0
0, 0.99256209,0
0, 0.95345158,0
0, 9.99465812e-01,0
0, 9.99973680e-01,0
0, 0.98699383,0
0, 0.99521135,0
0, 9.99864728e-01,0
0, 0.97547005,0
0, 9.99999696e-01,0
0, 9.99909489e-01,0
0, 0.98205371,0
0, 9.99964369e-01,0
0, 0.99821788,0
0, 9.99139519e-01,0
0, 0.99862886,0
0, 0.99819724,0
0, 9.99932934e-01,0
0, 0.99677625,0
0, 0.97699449,0
0, 9.99446155e-01,0
0, 9.99408643e-01,0
0, 0.99514549,0
0, 0.99693331,0
0, 9.99990184e-01,0
1, 0.06836378,1
0, 0.98215329,0
0, 9.99999606e-01,0
0, 0.99210544,0
0, 9.99849781e-01,0
0, 0.96381343,0
0, 9.99740319e-01,0
0, 9.99719789e-01,0
0, 0.98891994,0
0, 0.99252112,0
0, 0.99699173,0
0, 0.99659168,0
0, 9.99988237e-01,0
0, 9.99998043e-01,0
1, 0.19992809,1
0, 0.99536909,0
0, 9.99322696e-01,0
0, 0.96529184,0
0, 9.99527695e-01,0
0, 9.99992300e-01,0
1, 0.54579566,1
0, 0.67139554,0
0, 0.98975359,0
0, 0.99777472,0
0, 0.99467181,0
0, 9.99108681e-01,0
0, 0.99873843,0
0, 9.99988473e-01,0
0, 0.99609418,0
0, 9.99809609e-01,0
0, 0.99104507,0
0, 0.98620377,0
0, 9.99997366e-01,0
0, 0.52538569,1
1, 0.28050637,1
0, 0.99274823,0
0, 0.99137685,0
0, 0.97668509,0
0, 0.90100338,0
0, 0.98566833,0
0, 9.99985415e-01,0
0, 9.99931858e-01,0
0, 9.99971228e-01,0
0, 9.99874268e-01,0
0, 9.99960101e-01,0
0, 9.99973927e-01,0
0, 0.99212324,0
1, 0.11764804,1
0, 9.99296207e-01,0
1, 0.9417529,0
0, 9.99970406e-01,0
1, 0.03582917,1
0, 0.87054083,0
0, 9.99810972e-01,0
0, 0.9985555,0
0, 9.99995210e-01,0
0, 0.99644864,0
0, 0.99298335,0
0, 9.99777870e-01,0
0, 0.98547442,0
0, 0.99027213,0
0, 0.23441288,1
0, 0.42093203,1
0, 9.99855220e-01,0
0, 0.9899912,0
0, 9.99887074e-01,0
0, 0.99719591,0
0, 0.99408369,0
0, 0.99880619,0
0, 0.94228767,0
0, 9.99171407e-01,0
0, 0.98579459,0
0, 9.99512759e-01,0
1, 0.01264452,1
0, 9.99759662e-01,0
0, 9.99211277e-01,0
0, 9.99432410e-01,0
1, 0.0920473,1
0, 9.99997177e-01,0
0, 0.9682809,0
0, 9.99881188e-01,0
0, 0.98788948,0
1, 0.98524074,0
0, 9.99726847e-01,0
0, 0.9970787,0
0, 0.90192904,0
0, 9.99228013e-01,0
0, 9.99916414e-01,0
0, 0.8811984,0
0, 9.99762691e-01,0
0, 0.99871991,0
0, 0.99264197,0
0, 9.99916777e-01,0
0, 0.96278974,0
0, 0.98900238,0
0, 0.98709764,0
0, 0.99616666,0
0, 0.99476205,0
0, 0.94972417,0
0, 9.99796284e-01,0
0, 0.99466662,0
0, 0.97937095,0
1, 0.63339977,1
0, 9.99980929e-01,0
0, 9.99926578e-01,0
0, 9.99714330e-01,0
1, 0.2557277,1
0, 9.99799110e-01,0
0, 0.52179262,1
0, 0.99507834,0
0, 0.96227555,0
0, 9.99996817e-01,0
0, 0.97824734,0
0, 0.97504609,0
0, 0.91164726,0
0, 0.98521402,0
0, 0.99045782,0
0, 0.49189242,1
0, 0.7901764,0
0, 9.99990611e-01,0
0, 9.99083920e-01,0
0, 9.99797062e-01,0
0, 0.99865409,0
0, 0.98980789,0
0, 9.99001354e-01,0
0, 0.96193518,0
0, 0.91806007,0
0, 9.99919647e-01,0
0, 9.99809112e-01,0
0, 0.97391899,0
0, 0.99189669,0
1, 0.97923195,0
0, 9.99974741e-01,0
0, 0.99747142,0
0, 0.99259241,0
0, 0.998137,0
0, 0.99705209,0
0, 9.99864982e-01,0
0, 9.99912389e-01,0
0, 9.99318963e-01,0
0, 9.99953449e-01,0
0, 0.86876473,0
0, 0.98310729,0
1, 0.27917302,1
1, 0.03838613,1
0, 9.99977320e-01,0
0, 0.99585965,0
1, 0.5809795,1
0, 9.99186911e-01,0
0, 0.97790311,0
0, 9.99204844e-01,0
0, 9.99549268e-01,0
0, 9.99988984e-01,0
0, 0.98774335,0
0, 9.99862523e-01,0
0, 0.92323543,0
0, 0.98341615,0
0, 9.99794890e-01,0
0, 0.99635421,0
0, 9.99585025e-01,0
0, 9.99977738e-01,0
0, 9.99916360e-01,0
0, 9.99998641e-01,0
1, 0.98883729,0
0, 0.95225721,0
0, 9.99050033e-01,0
0, 0.99684939,0
0, 0.9862319,0
0, 0.99894303,0
0, 0.99887767,0
0, 9.99628596e-01,0
0, 0.89543431,0
0, 9.99337271e-01,0
0, 0.66739364,0
0, 9.99969114e-01,0
0, 0.99721899,0
0, 0.91473283,0
0, 9.99868001e-01,0
0, 0.98966511,0
0, 0.8598202,0
0, 0.99605709,0
0, 9.99599653e-01,0
0, 0.99196675,0
0, 0.97360789,0
0, 0.99842464,0
0, 0.99823654,0
0, 9.99282637e-01,0
0, 0.99768363,0
0, 9.99205067e-01,0
0, 0.92949589,0
0, 9.99662760e-01,0
0, 9.99999799e-01,0
0, 0.99542071,0
0, 9.99862798e-01,0
0, 0.46052178,1
1, 0.11956195,1
0, 9.99972514e-01,0
0, 9.99213611e-01,0
0, 9.99773135e-01,0
0, 0.99287337,0
0, 0.86179406,0
0, 9.99859300e-01,0
0, 0.96530922,0
0, 0.90490746,0
0, 0.91815045,0
0, 0.99344103,0
0, 9.99228550e-01,0
1, 0.38435285,1
0, 9.99989214e-01,0
0, 0.99170625,0
0, 9.99779790e-01,0
0, 0.95558382,0
0, 9.99974004e-01,0
0, 0.71433852,0
0, 9.99936936e-01,0
0, 9.99426541e-01,0
0, 9.99984346e-01,0
0, 0.99898637,0
0, 9.99903371e-01,0
0, 9.99714207e-01,0
0, 9.99558830e-01,0
0, 0.99668204,0
0, 9.99701175e-01,0
0, 0.98413862,0
0, 0.99836004,0
0, 0.99759515,0
0, 0.9877453,0
0, 0.99809671,0
0, 0.99824969,0
0, 0.97636757,0
0, 0.90693271,0
0, 0.67673879,0
0, 0.996598,0
0, 9.99256705e-01,0
0, 9.99731594e-01,0
0, 9.99250225e-01,0
0, 0.99503755,0
0, 0.99480927,0
0, 9.99256961e-01,0
0, 0.97644278,0
0, 0.99824339,0
0, 9.99642678e-01,0
0, 9.99617132e-01,0
0, 0.98643844,0
0, 0.99876677,0
0, 9.99836849e-01,0
0, 9.99983146e-01,0
0, 0.99855119,0
0, 9.99944824e-01,0
0, 0.91221137,0
0, 9.99983736e-01,0
0, 0.99872181,0
0, 9.99823957e-01,0
0, 0.22442153,1
0, 9.99897899e-01,0
0, 0.99149418,0
0, 0.99879764,0
0, 9.99994794e-01,0
0, 9.99872863e-01,0
0, 9.99445611e-01,0
0, 0.99697865,0
1, 0.23395984,1
0, 0.99873231,0
0, 9.99960102e-01,0
1, 0.30813888,1
0, 9.99991432e-01,0
0, 9.99998978e-01,0
0, 9.99294948e-01,0
0, 9.99862806e-01,0
0, 0.99872612,0
0, 9.99404971e-01,0
0, 0.98187296,0
0, 0.99531334,0
0, 0.97240588,0
0, 0.97935824,0
0, 0.99805055,0
0, 9.99934717e-01,0
0, 0.99735915,0
0, 0.996183,0
0, 9.99917229e-01,0
0, 0.99615061,0
0, 0.98926108,0
0, 9.99984451e-01,0
0, 0.98738594,0
0, 9.99365681e-01,0
1, 0.15571431,1
0, 9.99728432e-01,0
0, 9.99991911e-01,0
0, 0.98119772,0
0, 0.99734736,0
0, 0.99891208,0
1, 0.70492741,0
0, 0.88826043,0
0, 9.99991143e-01,0
0, 0.82161868,0
0, 0.99866792,0
0, 0.974955,0
0, 0.99204365,0
0, 0.99555275,0
0, 9.99943455e-01,0
1, 0.99651271,0
0, 0.99849087,0
0, 9.99996088e-01,0
0, 9.99632198e-01,0
1, 0.04760002,1
0, 0.96645532,0
0, 0.98143985,0
1, 0.04171313,1
0, 9.99831499e-01,0
0, 9.99938555e-01,0
0, 0.90329661,0
0, 0.99530696,0
0, 9.99495897e-01,0
0, 0.99779427,0
0, 9.99969601e-01,0
1, 0.92400504,0
0, 9.9999990e-01,0
0, 0.36699863,1
0, 9.99617432e-01,0
0, 9.99997273e-01,0
0, 9.99985902e-01,0
0, 9.99733582e-01,0
0, 0.9898673,0
0, 0.98936018,0
0, 9.99560247e-01,0
0, 0.98569655,0
0, 0.9969626,0
0, 0.98863165,0
0, 0.60816136,1
1, 0.07427238,1
0, 0.99867208,0
0, 0.99798634,0
0, 9.99897367e-01,0
0, 9.99084700e-01,0
1, 0.05728629,1
0, 9.99788673e-01,0
0, 9.99441174e-01,0
0, 9.99207823e-01,0
0, 0.97498321,0
0, 0.99317594,0
0, 9.99995026e-01,0
0, 0.99837606,0
0, 9.99830995e-01,0
0, 0.98994051,0
0, 9.99992316e-01,0
0, 9.99516165e-01,0
1, 0.24016101,1
0, 0.99849896,0
0, 0.96314535,0
0, 9.99991574e-01,0
0, 9.99957011e-01,0
0, 0.90120096,0
0, 0.99691658,0
0, 0.99499522,0
0, 0.9985417,0
0, 0.99591224,0
0, 0.99469012,0
0, 9.99986525e-01,0
0, 0.57607157,1
0, 9.99434272e-01,0
0, 9.99806684e-01,0
0, 9.99996763e-01,0
0, 0.99888631,0
0, 9.99607006e-01,0
0, 0.97803688,0
0, 0.99791492,0
0, 0.99836951,0
0, 0.92271712,0
0, 9.99878825e-01,0
0, 0.99431267,0
0, 9.99828425e-01,0
0, 9.99026107e-01,0
1, 0.01700118,1
0, 0.94022431,0
0, 0.99710296,0
0, 0.91844581,0
0, 9.99415980e-01,0
0, 0.99882402,0
0, 9.99948231e-01,0
0, 0.95296461,0
0, 9.99866810e-01,0
0, 9.99986535e-01,0
0, 0.99866613,0
0, 0.99742723,0
0, 0.93883323,0
0, 9.99958593e-01,0
0, 0.99698769,0
0, 0.99475376,0
0, 0.9984873,0
0, 0.99772927,0
0, 0.99695082,0
0, 9.99999542e-01,0
0, 9.99244983e-01,0
0, 0.93231536,0
0, 9.99608722e-01,0
0, 9.99509643e-01,0
0, 9.99841588e-01,0
0, 9.99413366e-01,0
0, 9.99595693e-01,0
0, 0.99183609,0
0, 0.99886893,0
0, 0.99817679,0
0, 0.99728582,0
0, 9.99982183e-01,0
0, 9.99548440e-01,0
0, 0.98946948,0
0, 9.99898763e-01,0
0, 0.99797271,0
0, 0.96614858,0
0, 0.99780922,0
0, 9.99990217e-01,0
0, 0.92250952,0
0, 0.69440509,0
0, 0.05154227,1
0, 0.9987235,0
1, 0.24494076,1
1, 0.22086004,1
0, 9.99999800e-01,0
0, 0.98904275,0
0, 0.98175352,0
0, 9.99987469e-01,0
0, 9.99696617e-01,0
0, 9.99764944e-01,0
0, 9.99613321e-01,0
0, 9.99833976e-01,0
0, 0.99735609,0
0, 9.99435049e-01,0
0, 9.99613802e-01,0
1, 0.01534978,1
1, 0.03735945,1
0, 0.998662,0
0, 9.99627337e-01,0
0, 0.98102164,0
0, 0.99845614,0
0, 9.99599159e-01,0
0, 0.9985905,0
0, 9.99804990e-01,0
0, 9.99912522e-01,0
0, 9.99192149e-01,0
1, 0.58606723,1
0, 0.99858079,0
0, 0.99853259,0
0, 0.9752773,0
0, 9.99932647e-01,0
0, 9.99659185e-01,0
0, 0.37757075,1
0, 9.99987263e-01,0
1, 0.04615841,1
0, 9.99450353e-01,0
0, 0.99113069,0
0, 9.99977578e-01,0
0, 9.99581118e-01,0
0, 0.99477564,0
0, 9.99979973e-01,0
0, 0.55296093,1
0, 9.99609305e-01,0
0, 9.99920414e-01,0
0, 0.79110175,0
0, 0.99708892,0
1, 0.29971998,1
0, 0.74969829,0
0, 9.99943039e-01,0
0, 9.99990811e-01,0
0, 9.99724977e-01,0
0, 9.99974518e-01,0
0, 9.99865359e-01,0
0, 0.39195615,1
0, 0.54312928,1
0, 9.99987637e-01,0
1, 0.09605981,1
0, 0.99568222,0
0, 0.88693617,0
0, 0.97904541,0
0, 9.99822657e-01,0
0, 0.99554541,0
0, 9.99887044e-01,0
0, 9.99962355e-01,0
0, 0.99893459,0
0, 0.98272581,0
0, 0.99259815,0
0, 0.85330389,0
0, 0.55059517,1
0, 9.9993047e-01,0
0, 0.98931646,0
0, 0.99875402,0
0, 0.9222537,0
0, 9.99407090e-01,0
0, 0.99832797,0
0, 9.99925086e-01,0
0, 9.99509447e-01,0
1, 0.26781769,1
0, 0.9742211,0
0, 0.99834283,0
0, 9.99954648e-01,0
0, 9.99515255e-01,0
0, 0.99816743,0
0, 0.99412371,0
0, 0.99803471,0
0, 9.99818696e-01,0
0, 0.99756126,0
0, 9.99864617e-01,0
0, 9.99911117e-01,0
0, 9.99607614e-01,0
0, 9.99730016e-01,0
0, 0.99836652,0
0, 9.99944727e-01,0
0, 0.77704941,0
0, 9.99726168e-01,0
0, 9.99919597e-01,0
0, 9.99111422e-01,0
0, 0.98511917,0
0, 9.99652676e-01,0
0, 0.98889147,0
0, 9.99986654e-01,0
0, 9.99977681e-01,0
0, 0.99839651,0
0, 0.99893191,0
0, 0.94851774,0
1, 0.29328634,1
0, 0.97243932,0
0, 0.88524479,0
0, 0.96730214,0
0, 9.99871590e-01,0
0, 9.99976547e-01,0
0, 0.90811245,0
0, 0.96859699,0
0, 9.99704931e-01,0
0, 0.99881405,0
0, 9.99856797e-01,0
0, 9.99929292e-01,0
0, 0.96654342,0
0, 0.99174196,0
0, 0.9926329,0
0, 0.98875609,0
0, 0.99680358,0
0, 0.90771645,0
0, 9.99092287e-01,0
0, 9.99186264e-01,0
0, 0.9967451,0
0, 0.89979482,0
1, 0.11176866,1
0, 0.99150636,0
0, 0.99405188,0
0, 9.99580038e-01,0
0, 9.99999891e-01,0
0, 9.99962267e-01,0
1, 0.01035882,1
0, 9.99963042e-01,0
0, 9.99418038e-01,0
0, 0.99614675,0
0, 0.95085516,0
0, 0.99653878,0
0, 9.99688373e-01,0
0, 9.99906095e-01,0
0, 9.99989593e-01,0
0, 9.99615015e-01,0
0, 9.99919010e-01,0
0, 9.99982718e-01,0
0, 9.99925866e-01,0
0, 9.99574710e-01,0
1, 0.98535972,0
0, 0.99616443,0
0, 0.99279959,0
0, 0.39299723,1
0, 9.99994260e-01,0
0, 0.99746229,0
0, 0.9280848,0
0, 9.99987312e-01,0
0, 9.99994193e-01,0
0, 0.91875554,0
0, 9.99168992e-01,0
0, 0.99850735,0
0, 0.99135947,0
0, 0.99899676,0
0, 9.99979832e-01,0
0, 0.77643445,0
0, 0.99872508,0
0, 9.99864384e-01,0
0, 0.99593655,0
0, 9.99984580e-01,0
0, 9.99820261e-01,0
0, 9.99833875e-01,0
0, 0.99541763,0
0, 9.99956629e-01,0
0, 0.9955794,0
0, 0.36335518,1
0, 9.99881737e-01,0
0, 0.99012382,0
1, 0.21389508,1
0, 0.99716488,0
0, 9.99461974e-01,0
0, 9.99983822e-01,0
0, 9.99970626e-01,0
0, 9.99978395e-01,0
0, 9.9999744e-01,0
0, 9.99910827e-01,0
0, 0.96511709,0
0, 0.69380037,0
0, 9.99999700e-01,0
0, 0.99543497,0
0, 0.90658742,0
0, 9.99934222e-01,0
0, 0.98625563,0
1, 0.51316617,1
0, 0.99707837,0
0, 0.99424754,0
0, 0.99192015,0
0, 9.99991831e-01,0
0, 0.99417546,0
0, 9.99592633e-01,0
0, 0.99758803,0
0, 0.97604723,0
0, 0.98624041,0
0, 9.99793858e-01,0
0, 0.98878768,0
0, 9.99998806e-01,0
0, 0.99575782,0
0, 0.99892299,0
0, 0.99437713,0
0, 0.99237113,0
0, 0.99775628,0
0, 0.99879205,0
1, 0.02175453,1
0, 9.99994339e-01,0
0, 9.99924362e-01,0
0, 9.99965380e-01,0
0, 0.99392589,0
0, 0.99698902,0
0, 9.99557980e-01,0
0, 0.97804414,0
1, 0.3255935,1
0, 0.99755916,0
0, 0.99740125,0
0, 9.99759884e-01,0
0, 0.99451235,0
0, 9.99599298e-01,0
0, 0.99769571,0
0, 0.99838957,0
0, 9.99822167e-01,0
0, 9.99338141e-01,0
0, 0.99293223,0
0, 9.99764918e-01,0
0, 0.97429419,0
0, 0.08290124,1
0, 9.99127159e-01,0
0, 9.99934374e-01,0
1, 0.77015681,0
0, 0.9987744,0
0, 0.03876779,1
0, 9.99997971e-01,0
0, 0.99891848,0
0, 9.99787087e-01,0
1, 0.17573977,1
0, 9.99987890e-01,0
0, 0.9926585,0
0, 0.99314203,0
0, 0.99734157,0
0, 0.99712249,0
0, 9.99626368e-01,0
0, 0.99771513,0
0, 9.99919043e-01,0
0, 0.9790519,0
0, 0.96553355,0
0, 0.99773807,0
0, 0.86683037,0
0, 0.9957165,0
0, 9.9999990e-01,0
0, 0.98098593,0
0, 0.99296649,0
0, 9.9989897e-01,0
1, 0.51999394,1
1, 0.18817433,1
0, 9.99890966e-01,0
0, 0.99874609,0
0, 9.99299858e-01,0
0, 0.99829568,0
0, 0.99232669,0
0, 0.99810417,0
0, 9.99984035e-01,0
0, 0.99850566,0
0, 0.9643905,0
0, 9.99575977e-01,0
0, 9.99999556e-01,0
0, 0.99324601,0
0, 9.99900186e-01,0
0, 0.50908248,1
0, 0.99732566,0
0, 9.99981607e-01,0
1, 0.23019173,1
0, 0.9936025,0
1, 0.14618958,1
0, 0.97938082,0
0, 0.98528619,0
0, 9.99709236e-01,0
0, 0.9985821,0
0, 9.99133624e-01,0
0, 9.99806257e-01,0
0, 0.78393557,0
0, 9.99720125e-01,0
0, 0.99527161,0
0, 0.99140203,0
0, 9.99938190e-01,0
0, 0.99895693,0
0, 0.99886263,0
1, 0.93214992,0
0, 9.99872181e-01,0
0, 9.99774930e-01,0
0, 0.78919558,0
0, 9.99910941e-01,0
0, 0.95998571,0
0, 0.98633393,0
0, 9.99913252e-01,0
0, 0.9975045,0
0, 9.99957828e-01,0
1, 0.82787506,0
0, 9.99997112e-01,0
0, 9.99962535e-01,0
0, 9.99865579e-01,0
0, 0.98096412,0
0, 0.99883667,0
0, 0.75708766,0
0, 0.97950943,0
0, 9.99203488e-01,0
0, 9.99306471e-01,0
0, 0.99854543,0
0, 9.99698798e-01,0
0, 0.99319952,0
0, 9.99333906e-01,0
0, 0.99881558,0
1, 0.39246772,1
0, 0.98414608,0
0, 9.99990453e-01,0
0, 0.9986333,0
0, 0.99270192,0
0, 9.99588683e-01,0
0, 0.98519116,0
1, 0.30726121,1
0, 0.97048968,0
0, 9.99903606e-01,0
0, 0.99855432,0
0, 9.99857215e-01,0
0, 9.99650072e-01,0
0, 9.99379633e-01,0
0, 9.99326768e-01,0
0, 0.99244341,0
0, 0.99892393,0
0, 0.99838167,0
0, 9.99370211e-01,0
0, 0.99526354,0
0, 9.99871460e-01,0
0, 9.99992625e-01,0
0, 0.64243636,1
0, 0.99786395,0
0, 9.99962614e-01,0
0, 0.99887146,0
0, 9.9988118e-01,0
0, 9.99995756e-01,0
0, 0.92219639,0
0, 0.99884351,0
0, 0.9959554,0
0, 9.99998649e-01,0
0, 0.9980801,0
0, 0.96154118,0
0, 0.99780431,0
0, 0.99665383,0
0, 0.99116836,0
0, 0.98940447,0
0, 0.96231401,0
0, 9.99183272e-01,0
0, 0.99802629,0
1, 0.73231851,0
0, 9.99876105e-01,0
0, 0.29364347,1
0, 9.99212686e-01,0
0, 0.9945685,0
0, 0.99899899,0
0, 9.99574160e-01,0
0, 9.99968183e-01,0
0, 9.99300750e-01,0
1, 0.41271056,1
0, 9.99935318e-01,0
0, 0.99421576,0
0, 9.99420367e-01,0
0, 9.99999785e-01,0
0, 9.99501310e-01,0
0, 9.99994524e-01,0
0, 9.99811483e-01,0
1, 0.72632723,0
0, 9.99976128e-01,0
0, 9.99646727e-01,0
0, 0.9548202,0
0, 0.89115758,0
0, 0.99887003,0
0, 0.9165971,0
0, 0.99883426,0
0, 0.99810267,0
0, 0.98301812,0
0, 0.99333265,0
0, 9.99731971e-01,0
0, 0.98902256,0
0, 9.99994044e-01,0
0, 0.99725355,0
0, 9.99930677e-01,0
0, 9.99877586e-01,0
0, 9.9979050e-01,0
0, 0.96406374,0
0, 0.94109887,0
0, 0.99499394,0
0, 0.32024806,1
0, 0.72092943,0
0, 0.99490981,0
0, 0.99146931,0
0, 0.99857043,0
0, 9.99998967e-01,0
0, 0.97949688,0
0, 9.99708396e-01,0
0, 0.9934369,0
0, 0.96360201,0
0, 0.99177293,0
0, 9.99995662e-01,0
0, 9.99955394e-01,0
0, 9.99706202e-01,0
0, 9.99986716e-01,0
0, 9.99898803e-01,0
0, 0.9970425,0
0, 9.99957745e-01,0
0, 0.99443219,0
0, 9.99158900e-01,0
0, 0.99840414,0
0, 9.99889601e-01,0
0, 0.99015223,0
0, 9.99982446e-01,0
0, 0.98095463,0
0, 9.99973992e-01,0
0, 0.98656863,0
1, 0.2715631,1
0, 0.96640877,0
0, 9.99803699e-01,0
0, 0.98831206,0
0, 9.99651440e-01,0
0, 0.99832244,0
0, 0.99724561,0
0, 0.99286568,0
0, 9.99999248e-01,0
0, 9.99814253e-01,0
0, 9.99663458e-01,0
0, 0.97530542,0
0, 0.93239372,0
0, 0.48588674,1
0, 9.99423956e-01,0
0, 0.96826642,0
0, 9.99893591e-01,0
0, 0.99619175,0
0, 0.68654467,0
0, 9.99956413e-01,0
0, 0.9734003,0
0, 0.98458421,0
0, 0.99423468,0
0, 0.9896692,0
0, 9.99998725e-01,0
0, 9.99604762e-01,0
0, 9.99999540e-01,0
0, 9.99865519e-01,0
0, 0.99892249,0
0, 0.97945532,0
0, 9.99543854e-01,0
0, 0.99752799,0
0, 9.99849585e-01,0
0, 9.99895073e-01,0
0, 9.99935701e-01,0
0, 0.99062353,0
0, 9.99624319e-01,0
1, 0.37545089,1
0, 9.99866919e-01,0
1, 0.52390069,1
0, 9.99947735e-01,0
0, 9.99388441e-01,0
0, 9.99709304e-01,0
0, 0.99719892,0
0, 0.99311263,0
0, 0.98546941,0
0, 9.99904878e-01,0
0, 9.99913585e-01,0
0, 0.7893579,0
0, 9.99537944e-01,0
0, 0.99821496,0
0, 9.99629937e-01,0
0, 0.99756918,0
0, 9.99836354e-01,0
0, 0.99425651,0
0, 0.96741456,0
1, 0.57690348,1
0, 9.99994454e-01,0
0, 9.99949577e-01,0
0, 9.99996175e-01,0
0, 9.99977498e-01,0
0, 0.99845706,0
0, 0.9989361,0
0, 0.99281668,0
0, 0.98875627,0
0, 0.99586872,0
0, 0.97389624,0
0, 0.99871529,0
1, 0.05941057,1
0, 9.99999499e-01,0
0, 0.99199107,0
0, 0.99670963,0
0, 0.9983421,0
0, 9.99472631e-01,0
1, 0.31787468,1
0, 9.99067306e-01,0
0, 0.99840827,0
0, 9.99999375e-01,0
0, 9.99932941e-01,0
0, 9.99369688e-01,0
0, 0.97218786,0
0, 0.99878754,0
0, 0.99490641,0
0, 9.99981945e-01,0
0, 0.99191105,0
0, 9.99941801e-01,0
0, 0.99252347,0
1, 0.90428942,0
0, 9.99610286e-01,0
1, 0.37889835,1
0, 9.9999990e-01,0
0, 0.99479018,0
0, 9.99989233e-01,0
0, 9.99988999e-01,0
0, 0.99764886,0
1, 0.81688435,0
0, 0.98940732,0
0, 0.99224074,0
0, 0.99428197,0
0, 0.94006967,0
0, 0.98854211,0
0, 9.99984805e-01,0
0, 0.99885813,0
0, 0.99486382,0
1, 0.39257897,1
0, 0.99890328,0
0, 9.99966033e-01,0
0, 0.99394127,0
1, 0.04045383,1
0, 0.98459529,0
0, 9.99721701e-01,0
0, 0.98268902,0
0, 0.98614993,0
0, 0.90115108,0
0, 0.99865569,0
0, 9.99608850e-01,0
1, 0.58483765,1
0, 0.99209965,0
0, 0.99778007,0
0, 9.99402969e-01,0
0, 9.99952888e-01,0
0, 9.99993005e-01,0
0, 0.99837012,0
0, 0.99848767,0
0, 0.82106342,0
0, 9.99994847e-01,0
0, 0.97803853,0
0, 0.81375262,0
0, 9.99882865e-01,0
0, 0.93112993,0
0, 9.99811498e-01,0
0, 9.99222252e-01,0
0, 0.98078531,0
0, 9.99994180e-01,0
0, 0.99826275,0
0, 0.99779457,0
1, 0.69350764,0
0, 9.99588691e-01,0
0, 0.98875377,0
0, 9.99290702e-01,0
1, 0.1036473,1
0, 0.99430079,0
0, 0.98861814,0
0, 0.99862657,0
0, 0.99068363,0
0, 0.9710412,0
0, 9.99357455e-01,0
0, 0.98935578,0
0, 0.75053021,0
0, 0.99171484,0
0, 9.99989999e-01,0
0, 9.99290875e-01,0
1, 0.36122988,1
0, 9.99981398e-01,0
1, 0.39372438,1
0, 9.99989243e-01,0
0, 9.99998716e-01,0
0, 0.9738532,0
0, 0.95582607,0
0, 0.85082776,0
0, 0.99382857,0
0, 9.99944771e-01,0
0, 9.99829373e-01,0
0, 9.99886824e-01,0
0, 0.92551207,0
0, 0.98235111,0
0, 0.97953432,0
0, 0.99891681,0
0, 9.99945954e-01,0
0, 0.99213102,0
0, 0.9972857,0
0, 9.99534923e-01,0
0, 9.99953929e-01,0
0, 0.87111447,0
1, 0.25853513,1
0, 9.99485580e-01,0
0, 9.99287706e-01,0
0, 0.99580568,0
0, 9.99912614e-01,0
0, 0.99819717,0
0, 0.9027068,0
0, 9.99870880e-01,0
0, 0.99484489,0
0, 0.9595316,0
0, 9.99935358e-01,0
0, 0.99835666,0
0, 9.99998186e-01,0
0, 0.99813342,0
0, 9.99783842e-01,0
0, 0.99788162,0
0, 9.99357404e-01,0
0, 9.99988199e-01,0
0, 0.8339398,0
0, 0.99548652,0
0, 9.99856758e-01,0
0, 9.99989534e-01,0
0, 9.99931429e-01,0
0, 0.98337387,0
0, 9.99950168e-01,0
0, 0.99794747,0
0, 0.99312688,0
1, 0.98355489,0
0, 0.99707754,0
1, 0.16165137,1
0, 0.83277761,0
0, 0.99677135,0
0, 0.9752859,0
0, 0.99659618,0
0, 0.75610299,0
0, 0.93023337,0
0, 0.96572393,0
0, 9.99941338e-01,0
1, 0.34490352,1
0, 0.87081933,0
0, 0.99635704,0
0, 0.47183148,1
0, 9.99434018e-01,0
0, 9.99764392e-01,0
0, 0.99832573,0
0, 9.99633767e-01,0
0, 0.99450274,0
0, 9.99740035e-01,0
0, 9.99739854e-01,0
0, 9.99107233e-01,0
0, 9.99441429e-01,0
0, 0.99347965,0
0, 0.99845641,0
0, 9.99575298e-01,0
0, 9.99748282e-01,0
0, 0.99841723,0
0, 9.99664623e-01,0
0, 9.99936072e-01,0
1, 0.12754013,1
0, 9.99707442e-01,0
0, 0.9976136,0
0, 0.90510968,0
0, 9.99999624e-01,0
0, 0.98798012,0
0, 0.98969287,0
1, 0.19320274,1
0, 0.76866697,0
0, 0.99570144,0
0, 9.99674120e-01,0
0, 0.99675709,0
0, 9.99826657e-01,0
1, 0.03557162,1
0, 0.94525309,0
0, 0.99392709,0
0, 0.99857356,0
0, 0.99727667,0
1, 0.01808634,1
0, 0.98997077,0
0, 0.9838771,0
0, 9.99583378e-01,0
0, 0.98992515,0
0, 9.99986541e-01,0
0, 9.99767638e-01,0
0, 0.99308481,0
0, 0.99898744,0
0, 0.99701225,0
0, 0.99569428,0
1, 0.66079758,0
0, 9.99109473e-01,0
0, 0.90884019,0
0, 9.99342317e-01,0
0, 0.97251849,0
0, 0.91165383,0
0, 0.97354735,0
0, 0.2036149,1
0, 0.98045375,0
0, 0.99881673,0
0, 9.99629464e-01,0
1, 0.64805463,1
1, 0.22733149,1
0, 0.86109104,0
0, 0.97328955,0
0, 9.99991143e-01,0
0, 9.99510297e-01,0
0, 9.99184044e-01,0
0, 0.99268287,0
0, 0.99260522,0
1, 0.23859375,1
0, 0.9918483,0
0, 9.99954622e-01,0
0, 9.99663581e-01,0
0, 9.99754836e-01,0
0, 9.99896713e-01,0
1, 0.22037248,1
0, 0.98465556,0
0, 0.9988636,0
1, 0.90532916,0
1, 0.01727443,1
0, 9.99117168e-01,0
0, 9.99827773e-01,0
0, 9.99950749e-01,0
0, 0.99329091,0
0, 0.75156573,0
0, 0.99877822,0
0, 0.99816817,0
0, 0.99534906,0
0, 0.99576388,0
0, 0.93331745,0
0, 9.99291511e-01,0
0, 0.99169691,0
0, 0.95637614,0
0, 9.99764008e-01,0
0, 0.99735255,0
0, 9.99638106e-01,0
0, 9.99996651e-01,0
0, 0.99590124,0
0, 0.98837681,0
0, 0.9969447,0
0, 9.99802016e-01,0
0, 0.9944092,0
0, 0.99348805,0
0, 0.99898795,0
1, 0.44088767,1
1, 0.25561193,1
1, 0.08289676,1
1, 0.02697797,1
0, 9.99984907e-01,0
0, 0.72714273,0
0, 0.98152201,0
0, 9.99657867e-01,0
1, 0.9456423,0
0, 9.99981849e-01,0
0, 0.99645209,0
1, 0.90237741,0
0, 0.99842199,0
0, 0.94736438,0
0, 0.99495077,0
0, 9.99954940e-01,0
0, 0.99834661,0
0, 9.99775237e-01,0
0, 0.98541082,0
0, 9.99672459e-01,0
0, 0.93852321,0
0, 0.99760781,0
0, 0.72258314,0
0, 9.99070661e-01,0
0, 9.99957237e-01,0
0, 0.98641881,0
0, 9.99946045e-01,0
0, 0.99817372,0
0, 0.9945595,0
0, 0.99808372,0
0, 0.99834255,0
0, 9.99952372e-01,0
0, 9.99827093e-01,0
0, 9.99850762e-01,0
0, 0.60381306,1
0, 0.99543339,0
0, 0.9906601,0
0, 9.99451901e-01,0
0, 0.99431777,0
0, 9.99665147e-01,0
0, 0.97722858,0
0, 0.98218879,0
0, 0.92694604,0
0, 9.99880386e-01,0
0, 0.02440517,1
0, 0.99807708,0
0, 0.99227477,0
1, 0.36970849,1
0, 0.97535027,0
0, 0.91632947,0
0, 9.99963823e-01,0
0, 0.99453016,0
0, 9.99993197e-01,0
0, 0.97924013,0
0, 0.91264388,0
0, 0.9820211,0
0, 9.99867392e-01,0
0, 0.99547273,0
0, 0.99576747,0
0, 9.99572315e-01,0
0, 0.71385139,0
0, 0.97603787,0
0, 0.99888969,0
0, 9.99932787e-01,0
0, 0.94560337,0
0, 0.98598453,0
0, 0.99771351,0
0, 0.95745233,0
0, 0.99549498,0
0, 0.38413508,1
0, 0.99595554,0
0, 0.99756224,0
0, 9.99470618e-01,0
0, 0.97954614,0
1, 0.93818667,0
0, 0.98735312,0
0, 9.99904753e-01,0
0, 9.99979686e-01,0
0, 0.99698173,0
0, 0.99490594,0
0, 9.99388226e-01,0
0, 9.99411435e-01,0
0, 9.99985386e-01,0
0, 0.97774643,0
0, 9.9935970e-01,0
1, 0.71497275,0
0, 9.99998396e-01,0
0, 0.93905285,0
0, 9.99979038e-01,0
1, 0.75742051,0
0, 0.94136443,0
0, 9.99808140e-01,0
0, 0.99019972,0
0, 0.99328487,0
0, 0.99806959,0
1, 0.95055917,0
0, 9.99273107e-01,0
0, 0.96804247,0
0, 0.98671138,0
0, 9.99740107e-01,0
0, 9.99700191e-01,0
0, 0.98507009,0
0, 0.99483866,0
0, 0.99772972,0
0, 0.97041692,0
0, 0.95423557,0
0, 9.99508759e-01,0
0, 0.99780557,0
0, 0.99806563,0
0, 0.99603093,0
0, 0.86213313,0
1, 0.11191052,1
0, 9.99967294e-01,0
0, 9.99944778e-01,0
0, 0.99812988,0
0, 0.99754179,0
0, 9.99909118e-01,0
0, 0.99477854,0
0, 9.99186788e-01,0
0, 0.98874682,0
0, 9.99837677e-01,0
0, 0.99633674,0
0, 0.81257558,0
0, 9.99278494e-01,0
0, 0.81833714,0
1, 0.90889759,0
0, 0.98957132,0
0, 9.99942361e-01,0
0, 0.21865562,1
0, 0.9808587,0
0, 0.98753063,0
0, 0.9771977,0
0, 9.99969171e-01,0
1, 0.87703687,0
0, 0.96398387,0
0, 0.99859224,0
0, 9.99999848e-01,0
0, 0.98878619,0
0, 0.17978044,1
0, 0.84894912,0
0, 0.99543928,0
1, 0.99723078,0
0, 0.99621342,0
0, 0.81922098,0
0, 0.965593,0
0, 0.99382519,0
0, 9.99611100e-01,0
0, 0.96595847,0
0, 9.99898768e-01,0
0, 0.99897053,0
0, 9.99345755e-01,0
0, 0.99866045,0
0, 0.94706687,0
1, 0.69950766,0
0, 0.94805105,0
0, 9.99866362e-01,0
0, 0.9961741,0
0, 0.99869872,0
0, 0.98893292,0
1, 0.47835841,1
0, 9.99672380e-01,0
0, 0.76454446,0
0, 0.99894963,0
0, 0.99754126,0
0, 9.99929080e-01,0
0, 9.99919649e-01,0
0, 0.9880478,0
0, 9.99933981e-01,0
1, 0.0950221,1
0, 0.83304669,0
0, 9.99529097e-01,0
0, 9.99965010e-01,0
0, 9.99988141e-01,0
0, 0.86210932,0
0, 0.9862932,0
0, 9.99745536e-01,0
0, 0.95964856,0
0, 9.99094296e-01,0
1, 0.02224256,1
0, 9.99660743e-01,0
0, 0.99786941,0
0, 0.99248658,0
0, 9.99553001e-01,0
0, 0.996633,0
0, 0.99256914,0
0, 0.98806624,0
0, 0.99635104,0
0, 9.99568951e-01,0
0, 9.99490195e-01,0
0, 9.99924748e-01,0
0, 0.99347866,0
0, 0.44562623,1
0, 9.99438321e-01,0
0, 0.99471254,0
0, 9.99995260e-01,0
0, 0.9792218,0
0, 0.99870938,0
0, 0.91883262,0
0, 9.99884301e-01,0
0, 9.99602849e-01,0
0, 9.99773404e-01,0
0, 9.99273769e-01,0
1, 0.05254401,1
0, 9.99926110e-01,0
1, 0.6132189,1
0, 0.98848024,0
0, 9.99897148e-01,0
1, 0.07331789,1
0, 9.99994158e-01,0
0, 9.99526446e-01,0
0, 9.99649724e-01,0
1, 0.14662582,1
0, 0.99805109,0
0, 0.95941742,0
1, 0.11333406,1
0, 9.99135576e-01,0
0, 9.99969313e-01,0
0, 0.998634,0
0, 0.9982893,0
0, 0.98758896,0
0, 9.99314595e-01,0
0, 0.98815435,0
0, 0.99677138,0
0, 0.99420292,0
0, 0.99385448,0
0, 9.99910106e-01,0
0, 9.99904560e-01,0
0, 9.99873543e-01,0
0, 0.97895558,0
0, 0.95287273,0
0, 9.99816568e-01,0
0, 9.99831214e-01,0
0, 0.99679293,0
1, 0.08613089,1
0, 9.99412099e-01,0
1, 0.90358294,0
0, 0.99344746,0
0, 9.99569453e-01,0
0, 0.99037378,0
0, 9.99418816e-01,0
0, 0.99735817,0
0, 9.99028066e-01,0
0, 9.99228630e-01,0
0, 9.99975388e-01,0
0, 0.99487921,0
0, 9.99835929e-01,0
0, 0.99078861,0
0, 0.99792704,0
0, 0.98704725,0
0, 9.99984198e-01,0
0, 0.96983487,0
0, 0.98713,0
0, 0.99162359,0
0, 9.99986260e-01,0
0, 9.99999473e-01,0
0, 9.99974747e-01,0
0, 9.99884072e-01,0
0, 0.99883428,0
0, 9.99802089e-01,0
0, 0.30977286,1
0, 0.96940094,0
0, 0.99102991,0
0, 0.99880005,0
1, 0.1341877,1
0, 9.99237832e-01,0
1, 0.98178882,0
0, 0.69830078,0
0, 0.9981888,0
1, 0.07146718,1
0, 0.99765701,0
0, 0.99819743,0
0, 0.69525243,0
0, 0.98248218,0
0, 0.99800246,0
0, 0.99625712,0
0, 0.98701491,0
0, 0.99715394,0
0, 9.99858876e-01,0
0, 9.99833463e-01,0
0, 0.54687105,1
0, 0.99476797,0
0, 0.99637172,0
0, 9.99758073e-01,0
0, 0.99329056,0
0, 0.99859078,0
0, 9.99910937e-01,0
0, 0.99297322,0
0, 9.99747814e-01,0
0, 0.94895963,0
0, 9.99966088e-01,0
0, 9.99853346e-01,0
0, 0.99548028,0
0, 0.31648147,1
0, 9.99721077e-01,0
0, 9.99702883e-01,0
0, 0.99878598,0
0, 0.99299952,0
0, 0.99471577,0
1, 0.65715772,0
0, 9.99749677e-01,0
0, 0.98931106,0
0, 9.99770943e-01,0
0, 0.97836062,0
0, 0.98847346,0
0, 0.99899485,0
0, 9.99971561e-01,0
0, 0.97085105,0
0, 9.99812505e-01,0
0, 0.98134888,0
1, 0.74665309,0
0, 9.99436784e-01,0
0, 9.99992277e-01,0
0, 0.98953555,0
0, 0.99871873,0
0, 9.99963174e-01,0
0, 9.99907254e-01,0
0, 9.99789566e-01,0
0, 0.98830462,0
0, 0.98241951,0
0, 0.99558074,0
0, 9.99268966e-01,0
0, 9.99612075e-01,0
0, 9.99998110e-01,0
0, 0.1055603,1
0, 9.99707872e-01,0
0, 0.99844472,0
0, 0.99542941,0
0, 9.99175981e-01,0
0, 9.99983726e-01,0
0, 0.9982986,0
0, 0.99408484,0
0, 0.89865234,0
0, 0.99411082,0
0, 0.97434648,0
0, 0.97882562,0
0, 9.99361204e-01,0
0, 9.9994976e-01,0
0, 9.99379270e-01,0
0, 9.99898081e-01,0
0, 9.99774684e-01,0
0, 9.99710459e-01,0
0, 0.99481067,0
0, 0.9987532,0
0, 0.94866278,0
0, 0.9986157,0
0, 0.91647635,0
0, 0.98390951,0
0, 0.99844605,0
0, 0.99895176,0
0, 0.99875863,0
0, 0.99822606,0
0, 0.96675921,0
0, 9.99779468e-01,0
0, 0.9962412,0
0, 0.99847794,0
0, 0.96648987,0
0, 0.94821374,0
0, 0.97017859,0
1, 0.10539986,1
0, 9.99997683e-01,0
0, 0.86216983,0
0, 0.99717974,0
0, 0.96527611,0
0, 9.99112831e-01,0
1, 0.15686606,1
0, 0.99846718,0
0, 0.99857583,0
0, 9.99825890e-01,0
1, 0.97596718,0
0, 0.96400034,0
0, 0.99674466,0
0, 0.73522975,0
0, 9.99637322e-01,0
0, 9.99983118e-01,0
0, 9.99076646e-01,0
0, 9.99925567e-01,0
0, 9.99821611e-01,0
0, 0.99897301,0
0, 0.99323598,0
0, 0.63218243,1
0, 0.53805837,1
0, 9.99923061e-01,0
0, 0.99666155,0
0, 0.99815722,0
0, 0.984599,0
0, 9.99727663e-01,0
0, 9.99894761e-01,0
0, 0.99874058,0
0, 0.97818672,0
0, 0.98464171,0
0, 9.99915649e-01,0
0, 0.99026754,0
0, 0.98398921,0
0, 0.97657679,0
0, 9.99999893e-01,0
0, 9.99170528e-01,0
0, 0.99452429,0
0, 0.99416632,0
0, 0.4806981,1
0, 9.99971476e-01,0
0, 9.99611639e-01,0
0, 9.99768611e-01,0
1, 0.20759554,1
0, 9.99967492e-01,0
0, 9.99511241e-01,0
0, 9.99840911e-01,0
0, 0.99884319,0
0, 9.99998521e-01,0
1, 0.91281127,0
0, 0.9984472,0
0, 0.97095381,0
0, 0.5889227,1
0, 0.95113419,0
0, 9.99987885e-01,0
0, 9.99925970e-01,0
0, 9.99059337e-01,0
0, 0.98719675,0
0, 0.98635781,0
0, 9.99958869e-01,0
1, 0.35146877,1
0, 0.99881329,0
0, 0.9764329,0
0, 0.99854394,0
0, 0.90489228,0
0, 0.99317648,0
0, 0.9852629,0
1, 0.67907249,0
0, 9.99946505e-01,0
0, 0.99791949,0
0, 0.94154462,0
0, 0.73511101,0
0, 9.99802976e-01,0
0, 0.97945379,0
1, 0.89105761,0
0, 0.99147399,0
0, 9.99981795e-01,0
0, 0.99851893,0
0, 9.99532445e-01,0
0, 0.99803067,0
0, 9.99508828e-01,0
0, 0.9942312,0
0, 9.99798636e-01,0
0, 9.99979159e-01,0
0, 0.98730756,0
0, 9.99927277e-01,0
0, 9.99947693e-01,0
0, 0.96745151,0
0, 0.97919299,0
0, 0.99233028,0
0, 9.99832703e-01,0
0, 9.99899616e-01,0
0, 0.99869358,0
0, 9.99572268e-01,0
0, 9.99828046e-01,0
0, 0.99806629,0
0, 0.8821181,0
0, 0.98800941,0
0, 0.99880131,0
0, 9.99493632e-01,0
0, 0.99868355,0
0, 0.99670229,0
0, 9.99192868e-01,0
0, 9.99958185e-01,0
0, 9.99984971e-01,0
0, 9.99805745e-01,0
0, 9.99748853e-01,0
0, 0.96437285,0
0, 0.99012929,0
0, 9.99396040e-01,0
0, 9.99965639e-01,0
0, 0.98885529,0
0, 9.99996879e-01,0
0, 9.99869556e-01,0
0, 9.99346269e-01,0
1, 0.01943212,1
1, 0.38825639,1
0, 9.99768936e-01,0
0, 0.94034197,0
0, 9.99965079e-01,0
0, 0.73471968,0
0, 0.99846203,0
0, 0.93121585,0
0, 9.99999099e-01,0
0, 9.99897994e-01,0
0, 0.98943863,0
0, 0.99077059,0
0, 9.99314897e-01,0
0, 9.99213050e-01,0
1, 0.20668647,1
0, 0.91228805,0
0, 0.99156571,0
0, 9.99868603e-01,0
0, 0.99770656,0
0, 9.99549355e-01,0
0, 0.99561439,0
0, 0.99709063,0
0, 0.96998081,0
0, 0.97740627,0
0, 9.99616616e-01,0
0, 0.95584854,0
0, 0.99790702,0
1, 0.1817472,1
1, 0.23391859,1
0, 0.99893947,0
1, 0.8809288,0
0, 9.99719168e-01,0
0, 9.99195263e-01,0
0, 9.99879925e-01,0
0, 0.93373527,0
0, 9.99373981e-01,0
1, 0.97830291,0
0, 0.92617998,0
1, 0.44674721,1
0, 9.99477180e-01,0
0, 0.99594375,0
0, 0.89429241,0
0, 0.98932442,0
0, 0.99516391,0
0, 9.99144679e-01,0
0, 0.99877165,0
0, 9.99311859e-01,0
0, 0.98393346,0
0, 9.99639072e-01,0
1, 0.00915421,1
0, 0.98994144,0
0, 0.99560364,0
0, 9.99454813e-01,0
0, 0.90017144,0
0, 0.95363164,0
0, 0.97762249,0
0, 0.99539465,0
0, 0.98790472,0
1, 0.86136649,0
0, 0.99858737,0
1, 0.7747002,0
0, 9.99933345e-01,0
0, 0.99861274,0
0, 0.99644628,0
0, 9.99966798e-01,0
0, 0.99712978,0
0, 0.8872864,0
1, 0.0071982,1
0, 9.99974124e-01,0
0, 0.9939487,0
1, 0.02901789,1
0, 9.99961383e-01,0
0, 9.99540024e-01,0
0, 0.99735118,0
0, 9.99989923e-01,0
0, 0.96684861,0
0, 0.99840172,0
0, 0.93617432,0
1, 0.07433604,1
0, 9.99370737e-01,0
0, 0.82403226,0
0, 9.99494813e-01,0
1, 0.02023644,1
